date,ticker,author,title,url
2024-10-18,HEPS,puppyeh,Hepsiburada,https://valueinvestorsclub.com/idea/Hepsiburada/9863035934
2024-10-09,EL,WinBrun,Estee Lauder,https://valueinvestorsclub.com/idea/Estee_Lauder/7216195691
2024-09-24,IDA,puppyeh,Indiana Resources,https://valueinvestorsclub.com/idea/Indiana_Resources/6138768829
2024-09-24,PCLB,david101,PINNACLE BANCSHARES,https://valueinvestorsclub.com/idea/PINNACLE_BANCSHARES/0524903379
2024-09-21,INMB,hkup881,INMUNE BIO INC,https://valueinvestorsclub.com/idea/INMUNE_BIO_INC/3528803511
2024-09-18,3186,jim211,Nextage,https://valueinvestorsclub.com/idea/Nextage/7257317821
2024-08-14,OSCR,miser861,OSCAR HEALTH INC,https://valueinvestorsclub.com/idea/OSCAR_HEALTH_INC/8271312455
2024-07-29,MGA,jim211,MAGNA INTERNATIONAL INC,https://valueinvestorsclub.com/idea/MAGNA_INTERNATIONAL_INC/1756248108
2024-07-26,MODG,gary9,TOPGOLF CALLAWAY BRANDS CORP,https://valueinvestorsclub.com/idea/TOPGOLF_CALLAWAY_BRANDS_CORP/5598139012
2024-07-25,TXT,lordbeaverbrook,TEXTRON INC,https://valueinvestorsclub.com/idea/TEXTRON_INC/7271465782
2024-07-25,CNQ.,murman,CANADIAN NATURAL RESOURCES,https://valueinvestorsclub.com/idea/CANADIAN_NATURAL_RESOURCES/5328482580
2024-07-22,HAI.,mimval,HAIVISION SYSTEMS INC,https://valueinvestorsclub.com/idea/HAIVISION_SYSTEMS_INC/0019183495
2024-07-17,CTAS,motherlode,CINTAS CORP,https://valueinvestorsclub.com/idea/CINTAS_CORP/2627448992
2024-07-14,DGICB,david101,DONEGAL GROUP INC,https://valueinvestorsclub.com/idea/DONEGAL_GROUP_INC/8952300978
2024-07-04,PBBK,david101,PB BANKSHARES INC,https://valueinvestorsclub.com/idea/PB_BANKSHARES_INC/3487869260
2024-07-01,CSIQ,bowd57,CANADIAN SOLAR INC,https://valueinvestorsclub.com/idea/CANADIAN_SOLAR_INC/3495134939
2024-06-07,HII,murman,HUNTINGTON INGALLS IND INC,https://valueinvestorsclub.com/idea/HUNTINGTON_INGALLS_IND_INC/0323706983
2024-05-21,BBU,Pluto,BROOKFIELD BUSINESS PRTNR LP,https://valueinvestorsclub.com/idea/BROOKFIELD_BUSINESS_PRTNR_LP/3776261444
2024-05-09,cuervo,bdad,Becle SAB,https://valueinvestorsclub.com/idea/Becle_SAB/6980028409
2024-04-11,MGRM,jm671,MONOGRAM ORTHOPAEDICS INC,https://valueinvestorsclub.com/idea/MONOGRAM_ORTHOPAEDICS_INC/9201180872
2024-04-09,HK,nha855,NetDragon,https://valueinvestorsclub.com/idea/NetDragon/6065204511
2024-04-02,JXN,nha855,JACKSON FINANCIAL INC,https://valueinvestorsclub.com/idea/JACKSON_FINANCIAL_INC/1063544530
2024-03-31,CAG,WinBrun,CONAGRA BRANDS INC,https://valueinvestorsclub.com/idea/CONAGRA_BRANDS_INC/1405067985
2024-03-28,GDX,gary9,VANECK GOLD MINERS ETF,https://valueinvestorsclub.com/idea/VANECK_GOLD_MINERS_ETF/3666637328
2024-03-22,NRDE,motherlode,Nu Ride,https://valueinvestorsclub.com/idea/Nu_Ride/4852083752
2024-03-06,AIA,hkup881,Athens International Airport,https://valueinvestorsclub.com/idea/Athens_International_Airport/3875257788
2024-02-28,ALLY,miser861,ALLY FINANCIAL INC,https://valueinvestorsclub.com/idea/ALLY_FINANCIAL_INC/8581697106
2024-02-18,MON.,puppyeh,MONTERO MINING & EXPLORATION,https://valueinvestorsclub.com/idea/MONTERO_MINING_andamp%3B_EXPLORATION/7210084678
2024-02-16,PHIN,Woodrow,PHINIA INC,https://valueinvestorsclub.com/idea/PHINIA_INC/9576231136
2024-01-27,OSK,lordbeaverbrook,Oshkosh,https://valueinvestorsclub.com/idea/Oshkosh/8646735621
2024-01-23,2168,bdad,Pasona,https://valueinvestorsclub.com/idea/Pasona/0780154375
2024-01-22,BOWL-L,andreas947,Hollywood Bowl Group plc,https://valueinvestorsclub.com/idea/Hollywood_Bowl_Group_plc/8985050006
2024-01-21,NFI.,mimval,NFI GROUP INC,https://valueinvestorsclub.com/idea/NFI_GROUP_INC/4222214488
2024-01-16,TEVA,aviclara181,TEVA PHARMACEUTICALS,https://valueinvestorsclub.com/idea/TEVA_PHARMACEUTICALS/9996249133
2024-01-14,LYTS,andreas947,LSI INDUSTRIES INC,https://valueinvestorsclub.com/idea/LSI_INDUSTRIES_INC/2320435904
2024-01-03,DHI,lordbeaverbrook,D.R. HORTON,https://valueinvestorsclub.com/idea/D.R._HORTON/0499558715
2023-12-20,SPWR,motherlode,sunpower,https://valueinvestorsclub.com/idea/sunpower/1696374434
2023-12-13,ROIV,aviclara181,ROIVANT SCIENCES LTD,https://valueinvestorsclub.com/idea/ROIVANT_SCIENCES_LTD/5365271522
2023-12-04,HAUTO,hkup881,Hoegh Autoliners,https://valueinvestorsclub.com/idea/Hoegh_Autoliners/0808483715
2023-11-27,MULT3,jim211,Multiplan Empreendimentos Imobliarios,https://valueinvestorsclub.com/idea/Multiplan_Empreendimentos_Imobliarios/5582768467
2023-11-12,HE1,motherlode,HAWAIIAN ELECTRIC CO,https://valueinvestorsclub.com/idea/HAWAIIAN_ELECTRIC_CO/5957587003
2023-11-06,BVFL,david101,BV FINANCIAL INC,https://valueinvestorsclub.com/idea/BV_FINANCIAL_INC/0457152614
2023-10-15,SHOO,WinBrun,Steve Madden,https://valueinvestorsclub.com/idea/Steve_Madden/8098347218
2023-10-11,GSY.,Pluto,GOEASY LTD,https://valueinvestorsclub.com/idea/GOEASY_LTD/2382490723
2023-10-03,MNMB,david101,MERCHANTS & MARINE BANCORP,https://valueinvestorsclub.com/idea/MERCHANTS_andamp%3B_MARINE_BANCORP/7122620522
2023-10-01,Oil,hkup881,Oil Calls,https://valueinvestorsclub.com/idea/Oil_Calls/6943231993
2023-09-27,ATRO,hkup881,Astronics,https://valueinvestorsclub.com/idea/Astronics/5393571358
2023-08-28,LDWY,jm671,LENDWAY INC,https://valueinvestorsclub.com/idea/LENDWAY_INC/3284826498
2023-08-16,EUROB,miser861,Eurobank,https://valueinvestorsclub.com/idea/Eurobank/7301771925
2023-08-16,SAVE,miser861,SPIRIT AIRLINES INC,https://valueinvestorsclub.com/idea/SPIRIT_AIRLINES_INC/8731717584
2023-08-02,AXL,motherlode,AMERICAN AXLE & MFG HOLDINGS (AXL),https://valueinvestorsclub.com/idea/AMERICAN_AXLE_andamp%3B_MFG_HOLDINGS_AXL/7769764454
2023-08-01,NOA.,bowd57,NORTH AMERICAN CONST GRP LTD,https://valueinvestorsclub.com/idea/NORTH_AMERICAN_CONST_GRP_LTD/2006101915
2023-07-31,CPRI,Woodrow,CAPRI HOLDINGS LTD,https://valueinvestorsclub.com/idea/CAPRI_HOLDINGS_LTD/1160082988
2023-07-19,VTRS,mimval,VIATRIS INC,https://valueinvestorsclub.com/idea/VIATRIS_INC/6055141348
2023-07-12,EHAB,gary9,ENHABIT INC,https://valueinvestorsclub.com/idea/ENHABIT_INC/1143982374
2023-07-12,KMI,murman,KINDER MORGAN INC,https://valueinvestorsclub.com/idea/KINDER_MORGAN_INC/7121690580
2023-07-10,8227,jim211,Shimamura,https://valueinvestorsclub.com/idea/Shimamura/9240886916
2023-06-24,CMD,puppyeh,Cassius Mining,https://valueinvestorsclub.com/idea/Cassius_Mining/5030804162
2023-06-22,J,lordbeaverbrook,GENERAL MOTORS CO,https://valueinvestorsclub.com/idea/GENERAL_MOTORS_CO/4795272591
2023-06-11,MTY.,Pluto,MTY FOOD GROUP INC,https://valueinvestorsclub.com/idea/MTY_FOOD_GROUP_INC/8450090840
2023-06-05,NMM,bowd57,NAVIOS MARITIME PARTNERS LP,https://valueinvestorsclub.com/idea/NAVIOS_MARITIME_PARTNERS_LP/1640327208
2023-05-16,9401,bdad,Tokyo Broadcasting,https://valueinvestorsclub.com/idea/Tokyo_Broadcasting/4182169508
2023-05-09,NCR,gary9,NCR CORP,https://valueinvestorsclub.com/idea/NCR_CORP/2872552586
2023-04-27,IPCO.,murman,INTERNATIONAL PETROLEUM,https://valueinvestorsclub.com/idea/INTERNATIONAL_PETROLEUM/0003648115
2023-04-14,AV,Pluto,Bawag Group,https://valueinvestorsclub.com/idea/Bawag_Group/5721054567
2023-04-12,WAL.PA,motherlode,WESTERN ALLIANCE BANCORP,https://valueinvestorsclub.com/idea/WESTERN_ALLIANCE_BANCORP/1425487812
2023-04-10,FLOATEL,nha855,Floatel International Ltd,https://valueinvestorsclub.com/idea/Floatel_International_Ltd/2749521062
2023-04-09,HAS,WinBrun,HASBRO INC,https://valueinvestorsclub.com/idea/HASBRO_INC/8250273868
2023-04-02,QNCX,jm671,QUINCE THERAPEUTICS INC,https://valueinvestorsclub.com/idea/QUINCE_THERAPEUTICS_INC/1687310555
2023-03-19,JNCE,jm671,JOUNCE THERAPEUTICS INC,https://valueinvestorsclub.com/idea/JOUNCE_THERAPEUTICS_INC/4961459053
2023-03-11,EAPI,nha855,EuroAPI,https://valueinvestorsclub.com/idea/EuroAPI/3683974714
2023-02-27,UBAB,david101,UNITED BANCORPORATION ALA IN,https://valueinvestorsclub.com/idea/UNITED_BANCORPORATION_ALA_IN/5253543884
2023-02-16,AUE,puppyeh,Golden Energy and Resources,https://valueinvestorsclub.com/idea/Golden_Energy_and_Resources/0622565309
2023-02-04,CLS,andreas947,Celestica,https://valueinvestorsclub.com/idea/Celestica/8614798028
2023-01-26,DAL,lordbeaverbrook,DELTA AIR LINES INC,https://valueinvestorsclub.com/idea/DELTA_AIR_LINES_INC/7525446910
2023-01-19,TRMR,mimval,TREMOR INTERNATIONAL LTD,https://valueinvestorsclub.com/idea/TREMOR_INTERNATIONAL_LTD/5514280145
2023-01-18,AE,andreas947,ADAMS RESOURCES & ENERGY INC,https://valueinvestorsclub.com/idea/ADAMS_RESOURCES_andamp%3B_ENERGY_INC/2212859974
2023-01-05,MATV,aviclara181,MATIV HOLDINGS INC,https://valueinvestorsclub.com/idea/MATIV_HOLDINGS_INC/2194221262
2022-12-27,TSLA,bowd57,TESLA INC,https://valueinvestorsclub.com/idea/TESLA_INC/0514108270
2022-12-16,SM,aviclara181,Sacyr,https://valueinvestorsclub.com/idea/Sacyr/2788255055
2022-12-01,SK-FR,jim211,SEB,https://valueinvestorsclub.com/idea/SEB/2784300229
2022-11-29,KNSL,hawkeye901,KINSALE CAPITAL GROUP INC,https://valueinvestorsclub.com/idea/KINSALE_CAPITAL_GROUP_INC/5514040603
2022-11-14,JACK,Woodrow,JACK IN THE BOX INC,https://valueinvestorsclub.com/idea/JACK_IN_THE_BOX_INC/9401039073
2022-10-31,SMCI,motherlode,SUPER MICRO COMPUTER INC,https://valueinvestorsclub.com/idea/SUPER_MICRO_COMPUTER_INC/4395553936
2022-10-24,CMP,motherlode,COMPASS MINERALS INTL INC,https://valueinvestorsclub.com/idea/COMPASS_MINERALS_INTL_INC/1245073933
2022-10-15,ARGO.PA,david101,ARGO GROUP INTL HOLDINGS LTD,https://valueinvestorsclub.com/idea/ARGO_GROUP_INTL_HOLDINGS_LTD/6072663488
2022-10-13,PAR,WinBrun,PAR TECHNOLOGY CORP,https://valueinvestorsclub.com/idea/PAR_TECHNOLOGY_CORP/5681199587
2022-10-02,LEE,hkup881,LEE ENTERPRISES INC,https://valueinvestorsclub.com/idea/LEE_ENTERPRISES_INC/0261917451
2022-09-21,LRFC,jm671,LOGAN RIDGE FINANCE CORP,https://valueinvestorsclub.com/idea/LOGAN_RIDGE_FINANCE_CORP/5349386199
2022-08-29,SCL.,andreas947,SHAWCOR LTD,https://valueinvestorsclub.com/idea/SHAWCOR_LTD/6794775712
2022-08-15,HTGC,Woodrow,HERCULES CAPITAL INC,https://valueinvestorsclub.com/idea/HERCULES_CAPITAL_INC/5779526129
2022-08-15,NWG,miser861,NATWEST GROUP PLC,https://valueinvestorsclub.com/idea/NATWEST_GROUP_PLC/4708143797
2022-08-09,CWK,hawkeye901,CUSHMAN & WAKEFIELD,https://valueinvestorsclub.com/idea/CUSHMAN_andamp%3B_WAKEFIELD/4413000766
2022-08-03,1928,bdad,Sands Macau,https://valueinvestorsclub.com/idea/Sands_Macau/2906279860
2022-07-31,TFSL,david101,TFS FINANCIAL CORP,https://valueinvestorsclub.com/idea/TFS_FINANCIAL_CORP/2280674874
2022-07-30,FAR,puppyeh,Far Limited,https://valueinvestorsclub.com/idea/Far_Limited/9423947778
2022-07-26,003550,jim211,LG Corp,https://valueinvestorsclub.com/idea/LG_Corp/2904223642
2022-07-19,HCCI,mimval,HERITAGE-CRYSTAL CLEAN INC,https://valueinvestorsclub.com/idea/HERITAGE-CRYSTAL_CLEAN_INC/8624888189
2022-07-12,PSTH,hkup881,PERSHING SQ TN HOL LTD,https://valueinvestorsclub.com/idea/PERSHING_SQ_TN_HOL_LTD/3549175010
2022-07-11,AAP,gary9,ADVANCE AUTO PARTS INC,https://valueinvestorsclub.com/idea/ADVANCE_AUTO_PARTS_INC/0889284199
2022-07-11,TAP,lordbeaverbrook,MOLSON COORS BEVERAGE CO,https://valueinvestorsclub.com/idea/MOLSON_COORS_BEVERAGE_CO/2361163567
2022-07-11,LN,hawkeye901,Virgin Money,https://valueinvestorsclub.com/idea/Virgin_Money/0759794799
2022-07-08,TGH,bowd57,TEXTAINER GROUP HOLDINGS LTD,https://valueinvestorsclub.com/idea/TEXTAINER_GROUP_HOLDINGS_LTD/5038244740
2022-06-23,CE,Pluto,CELANESE CORP,https://valueinvestorsclub.com/idea/CELANESE_CORP/6512411648
2022-06-21,IMXI,murman,INTERNATIONAL MONEY EXPR INC,https://valueinvestorsclub.com/idea/INTERNATIONAL_MONEY_EXPR_INC/6347677658
2022-06-16,EPD,murman,ENTERPRISE PRODCT PARTNRS LP,https://valueinvestorsclub.com/idea/ENTERPRISE_PRODCT_PARTNRS_LP/3867535755
2022-04-13,PINS,WinBrun,PINTEREST INC,https://valueinvestorsclub.com/idea/PINTEREST_INC/6702599870
2022-04-11,PH,gary9,Parker Hannifin,https://valueinvestorsclub.com/idea/Parker_Hannifin/6307136074
2022-04-08,KYCHR,nha855,KEYARCH ACQUIS CORP -REDH,https://valueinvestorsclub.com/idea/KEYARCH_ACQUIS_CORP_-REDH/2619402542
2022-04-04,FEC.,nha855,FRONTERA ENERGY CORP,https://valueinvestorsclub.com/idea/FRONTERA_ENERGY_CORP/3023911418
2022-03-30,BWV,jm671,BLUE WATER VACCINE INC -REDH,https://valueinvestorsclub.com/idea/BLUE_WATER_VACCINE_INC_-REDH/5445214387
2022-03-29,SPOT,Pluto,SPOTIFY TECHNOLOGY SA,https://valueinvestorsclub.com/idea/SPOTIFY_TECHNOLOGY_SA/2064420148
2022-03-16,KRNLW,bdad,KERNEL GROUP HOLDI INC -REDH,https://valueinvestorsclub.com/idea/KERNEL_GROUP_HOLDI_INC_-REDH/4224283950
2022-02-28,SRI,Woodrow,STONERIDGE INC,https://valueinvestorsclub.com/idea/STONERIDGE_INC/3449687618
2022-02-24,RMBI,david101,RICHMOND MUTUAL BANCO INC,https://valueinvestorsclub.com/idea/RICHMOND_MUTUAL_BANCO_INC/7366503059
2022-02-10,ALOT,andreas947,"AstroNova, Inc.",https://valueinvestorsclub.com/idea/AstroNova_Inc./3889192977
2022-01-22,SAH,lordbeaverbrook,Sonic Automotive,https://valueinvestorsclub.com/idea/Sonic_Automotive/5029833759
2022-01-22,TLYS,andreas947,TILLY'S INC,https://valueinvestorsclub.com/idea/TILLYS_INC/4258415783
2022-01-19,AMA.AX,mimval,AMA Group Limited,https://valueinvestorsclub.com/idea/AMA_Group_Limited/0949052850
2022-01-18,NWLI,bowd57,NATIONAL WESTERN LIFE GROUP,https://valueinvestorsclub.com/idea/NATIONAL_WESTERN_LIFE_GROUP/9361880416
2021-12-27,FLR,aviclara181,FLUOR CORP,https://valueinvestorsclub.com/idea/FLUOR_CORP/8496193812
2021-12-27,LMN,puppyeh,Lastminute.com NV,https://valueinvestorsclub.com/idea/Lastminute.com_NV/6372629471
2021-12-22,RE4,puppyeh,Geo Energy Resources,https://valueinvestorsclub.com/idea/Geo_Energy_Resources/4168777762
2021-12-01,SGO-PAR,jim211,Compagnie de Saint Gobain,https://valueinvestorsclub.com/idea/Compagnie_de_Saint_Gobain/1085316688
2021-11-08,LOB,hawkeye901,LIVE OAK BANCSHARES INC,https://valueinvestorsclub.com/idea/LIVE_OAK_BANCSHARES_INC/9738784377
2021-10-25,WFRD,Woodrow,WEATHERFORD INTL PLC,https://valueinvestorsclub.com/idea/WEATHERFORD_INTL_PLC/0028280462
2021-10-13,EGFEY,miser861,EUROBANK ERGASIAS SERVICES A,https://valueinvestorsclub.com/idea/EUROBANK_ERGASIAS_SERVICES_A/7217319524
2021-10-09,APRN,motherlode,BLUE APRON HOLDNG INC,https://valueinvestorsclub.com/idea/BLUE_APRON_HOLDNG_INC/8605123851
2021-10-01,CHWY,WinBrun,CHEWY INC,https://valueinvestorsclub.com/idea/CHEWY_INC/4080009701
2021-09-09,GT,motherlode,GOODYEAR TIRE & RUBBER CO,https://valueinvestorsclub.com/idea/GOODYEAR_TIRE_andamp%3B_RUBBER_CO/9559281790
2021-09-09,PBIT,puppyeh,Posabit Systems,https://valueinvestorsclub.com/idea/Posabit_Systems/7009258376
2021-08-17,MEGACPO,miser861,Megacable Holdings,https://valueinvestorsclub.com/idea/Megacable_Holdings/5450997592
2021-08-16,UBSFY,miser861,UBI SOFT ENTERTAINMENT SA,https://valueinvestorsclub.com/idea/UBI_SOFT_ENTERTAINMENT_SA/9214136425
2021-08-16,MRO,murman,Melrose Industries PLC,https://valueinvestorsclub.com/idea/Melrose_Industries_PLC/6238718786
2021-08-12,MLVF,david101,MALVERN BANCORP INC,https://valueinvestorsclub.com/idea/MALVERN_BANCORP_INC/3505377034
2021-07-29,SLCA,motherlode,U.S. Silica Holdings,https://valueinvestorsclub.com/idea/U.S._Silica_Holdings/6360215462
2021-07-28,4185,bdad,JSR,https://valueinvestorsclub.com/idea/JSR/7631763983
2021-07-20,SI30,lordbeaverbrook,Series I Bond,https://valueinvestorsclub.com/idea/Series_I__Bond/6702081997
2021-07-12,AXTA,hawkeye901,AXALTA COATING SYSTEMS LTD,https://valueinvestorsclub.com/idea/AXALTA_COATING_SYSTEMS_LTD/4523231932
2021-06-30,CVM,bowd57,Cel-Sci,https://valueinvestorsclub.com/idea/Cel-Sci/8538054518
2021-06-30,Hertz,aviclara181,Hertz,https://valueinvestorsclub.com/idea/Hertz/4404940644
2021-06-23,KRBN,gary9,KRANESHARES GLOBAL CARBN ETF,https://valueinvestorsclub.com/idea/KRANESHARES_GLOBAL_CARBN_ETF/9346165918
2021-06-17,TTI,motherlode,TETRA TECHNOLOGIES INC/DE,https://valueinvestorsclub.com/idea/TETRA_TECHNOLOGIES_INCDE/5466460926
2021-06-02,NOMD,gary9,NOMAD FOODS LTD,https://valueinvestorsclub.com/idea/NOMAD_FOODS_LTD/4114489585
2021-05-28,SIO,puppyeh,Simonds Group,https://valueinvestorsclub.com/idea/Simonds_Group/6642500336
2021-05-23,VAL,hkup881,VALARIS LTD,https://valueinvestorsclub.com/idea/VALARIS_LTD/4125105820
2021-05-21,NA,hawkeye901,ABN AMRO BANK NV,https://valueinvestorsclub.com/idea/ABN_AMRO_BANK_NV/6022776275
2021-05-18,KTB,bdad,KONTOOR BRANDS INC,https://valueinvestorsclub.com/idea/KONTOOR_BRANDS_INC/3108299750
2021-05-17,FLGC,jm671,FLORA GRWT CORP - REDH,https://valueinvestorsclub.com/idea/FLORA_GRWT_CORP_-_REDH/4801917769
2021-05-17,CTG,andreas947,COMPUTER TASK GROUP INC,https://valueinvestorsclub.com/idea/COMPUTER_TASK_GROUP_INC/1543628500
2021-05-17,GSM,Woodrow,FERROGLOBE PLC,https://valueinvestorsclub.com/idea/FERROGLOBE_PLC/7466194198
2021-05-07,Japan,jim211,Morinaga & Co.,https://valueinvestorsclub.com/idea/Morinaga_andamp%3B_Co./2600437457
2021-05-04,PBIP,david101,PRUDENTIAL BANCORP INC,https://valueinvestorsclub.com/idea/PRUDENTIAL_BANCORP_INC/0984681067
2021-04-28,TVK.,andreas947,TERRAVEST INDUSTRIES INC,https://valueinvestorsclub.com/idea/TERRAVEST_INDUSTRIES_INC/7700141846
2021-04-27,IGT,mimval,INTL GAME TECHNOLOGY PLC,https://valueinvestorsclub.com/idea/INTL_GAME_TECHNOLOGY_PLC/3512996290
2021-04-09,SEC.,nha855,SENVEST CAPITAL INC,https://valueinvestorsclub.com/idea/SENVEST_CAPITAL_INC/7264111410
2021-04-07,09/01/25,nha855,Great Western Petroleum,https://valueinvestorsclub.com/idea/Great_Western_Petroleum/3119966802
2021-03-31,AMZN,WinBrun,AMAZON.COM INC,https://valueinvestorsclub.com/idea/AMAZON.COM_INC/0888750890
2021-03-25,CCL.A,motherlode,CCL INDUSTRIES -CL B,https://valueinvestorsclub.com/idea/CCL_INDUSTRIES__-CL_B/1812510087
2021-03-18,LSE.KSPI,Pluto,Kapsi.kz,https://valueinvestorsclub.com/idea/Kapsi.kz/6499359525
2021-03-18,MBR,puppyeh,Mobruk,https://valueinvestorsclub.com/idea/Mobruk/7660208111
2021-02-25,RRD,motherlode,DONNELLEY (R R) & SONS CO,https://valueinvestorsclub.com/idea/DONNELLEY_R_R_andamp%3B_SONS_CO/3076003208
2021-02-17,CHK,torico780,Cheasapeak Energy,https://valueinvestorsclub.com/idea/Cheasapeak_Energy/3120958886
2021-02-10,APHA.,hkup881,APHRIA INC,https://valueinvestorsclub.com/idea/APHRIA_INC/1517533072
2021-01-17,468:HK,mimval,Greatview Aseptic Packaging Company Ltd.,https://valueinvestorsclub.com/idea/Greatview_Aseptic_Packaging_Company_Ltd./9940435385
2021-01-11,BNGO,jm671,BIONANO GENOMICS INC,https://valueinvestorsclub.com/idea/BIONANO_GENOMICS_INC/7632906152
2021-01-11,TSLA,bowd57,TESLA INC,https://valueinvestorsclub.com/idea/TESLA_INC/2250347268
2021-01-08,690D,puppyeh,Haier Smart Home,https://valueinvestorsclub.com/idea/Haier_Smart_Home/3919348345
2021-01-07,TYO:4385,Pluto,Mercari,https://valueinvestorsclub.com/idea/Mercari/1606236639
2020-12-22,WHR,lordbeaverbrook,WHIRLPOOL CORP,https://valueinvestorsclub.com/idea/WHIRLPOOL_CORP/0070716468
2020-12-22,PTVE,aviclara181,PACTIV EVERGREEN INC,https://valueinvestorsclub.com/idea/PACTIV_EVERGREEN_INC/0301387172
2020-11-18,BRAG.,puppyeh,BRAGG GAMING GROUP,https://valueinvestorsclub.com/idea/BRAGG_GAMING_GROUP/7818863598
2020-11-18,5929,jim211,Sanwa Holdings,https://valueinvestorsclub.com/idea/Sanwa_Holdings/3164976696
2020-11-12,BTU,motherlode,PEABODY ENERGY CORP,https://valueinvestorsclub.com/idea/PEABODY_ENERGY_CORP/4417397412
2020-10-27,6960,bdad,Fukuda Denshi,https://valueinvestorsclub.com/idea/Fukuda_Denshi/0658615704
2020-10-26,FRTA,Woodrow,FORTERRA INC,https://valueinvestorsclub.com/idea/FORTERRA_INC/3428988865
2020-10-05,WW,WinBrun,WEIGHT WATCHERS INTL INC,https://valueinvestorsclub.com/idea/WEIGHT_WATCHERS_INTL_INC/8583467752
2020-10-01,HMHC,motherlode,HOUGHTON MIFFLIN HARCOURT CO,https://valueinvestorsclub.com/idea/HOUGHTON_MIFFLIN_HARCOURT_CO/8843893838
2020-09-28,WIMHY,puppyeh,WILLIAM HILL PLC,https://valueinvestorsclub.com/idea/WILLIAM_HILL_PLC/3329176493
2020-09-11,VULC,david101,Vulcan International Corporation,https://valueinvestorsclub.com/idea/Vulcan_International_Corporation/3566407496
2020-08-20,WFCCalls$15Strike;Jan2022,murman,WELLS FARGO & CO,https://valueinvestorsclub.com/idea/WELLS_FARGO_andamp%3B_CO/7145371918
2020-08-11,SMCI,Woodrow,SUPER MICRO COMPUTER INC,https://valueinvestorsclub.com/idea/SUPER_MICRO_COMPUTER_INC/0490288716
2020-08-11,VWS,miser861,VESTAS WIND SYSTEMS A/S,https://valueinvestorsclub.com/idea/VESTAS_WIND_SYSTEMS_AS/0303413368
2020-08-06,NUZE,jm671,NUZEE INC,https://valueinvestorsclub.com/idea/NUZEE_INC/4742776127
2020-08-05,WRK,motherlode,WESTROCK CO,https://valueinvestorsclub.com/idea/WESTROCK_CO/9743621976
2020-07-30,TROX,motherlode,TRONOX HOLDINGS PLC,https://valueinvestorsclub.com/idea/TRONOX_HOLDINGS_PLC/3670542007
2020-07-21,ISDR,andreas947,Issuer Direct Corporation,https://valueinvestorsclub.com/idea/Issuer_Direct_Corporation/3665379743
2020-07-16,3932-TK,jim211,Akatsuki,https://valueinvestorsclub.com/idea/Akatsuki/0481037265
2020-07-14,CGX.,mimval,CINEPLEX INC,https://valueinvestorsclub.com/idea/CINEPLEX_INC/2558512132
2020-07-10,KEYS,gary9,KEYSIGHT TECHNOLOGIES INC,https://valueinvestorsclub.com/idea/KEYSIGHT_TECHNOLOGIES_INC/8970723682
2020-07-10,WFC,miser861,WELLS FARGO & CO,https://valueinvestorsclub.com/idea/WELLS_FARGO_andamp%3B_CO/8417451223
2020-07-09,TOL,lordbeaverbrook,TOLL BROTHERS INC,https://valueinvestorsclub.com/idea/TOLL_BROTHERS_INC/9071857315
2020-07-06,LEN.B,lordbeaverbrook,LENNAR CORP,https://valueinvestorsclub.com/idea/LENNAR_CORP/4854763951
2020-07-02,TCL-A.TO,andreas947,TRANSCONTINENTAL INC -CL A,https://valueinvestorsclub.com/idea/TRANSCONTINENTAL_INC_-CL_A/7411438037
2020-06-26,SVJTY,Pluto,SEVERSTAL PJSC,https://valueinvestorsclub.com/idea/SEVERSTAL_PJSC/2823938400
2020-06-23,TCS,Pluto,TCS Group,https://valueinvestorsclub.com/idea/TCS_Group/8351699480
2020-05-27,BMWYY,hawkeye901,BAYER MOTOREN WERKE AG,https://valueinvestorsclub.com/idea/BAYER_MOTOREN_WERKE_AG/0347889497
2020-05-20,LVGO,hawkeye901,LIVONGO HEALTH INC,https://valueinvestorsclub.com/idea/LIVONGO_HEALTH_INC/5938017376
2020-05-12,BA,aviclara181,BOEING CO,https://valueinvestorsclub.com/idea/BOEING_CO/9801155438
2020-05-06,MET,puppyeh,Metlifecare,https://valueinvestorsclub.com/idea/Metlifecare/8042907740
2020-05-04,RRGB,motherlode,RED ROBIN GOURMET BURGERS,https://valueinvestorsclub.com/idea/RED_ROBIN_GOURMET_BURGERS/6954654910
2020-04-28,4661,bdad,Oriental Land,https://valueinvestorsclub.com/idea/Oriental_Land/2023862190
2020-04-27,SD,hkup881,SANDRIDGE ENERGY INC,https://valueinvestorsclub.com/idea/SANDRIDGE_ENERGY_INC/8774173298
2020-04-23,TRMD,bowd57,TORM PLC,https://valueinvestorsclub.com/idea/TORM_PLC/8241091414
2020-04-18,BFAM,puppyeh,Bright Horizons Family Solutions,https://valueinvestorsclub.com/idea/Bright_Horizons_Family_Solutions/3769835934
2020-04-15,SBUX,WinBrun,STARBUCKS CORP,https://valueinvestorsclub.com/idea/STARBUCKS_CORP/1918591781
2020-04-09,BTU,nha855,PEABODY ENERGY CORP,https://valueinvestorsclub.com/idea/PEABODY_ENERGY_CORP/2950885428
2020-04-08,SKT,murman,TANGER FACTORY OUTLET CTRS,https://valueinvestorsclub.com/idea/TANGER_FACTORY_OUTLET_CTRS/2518565991
2020-04-08,WDR,torico780,Wadell Reed,https://valueinvestorsclub.com/idea/Wadell_Reed/8809538371
2020-04-07,CTRA,nha855,CONTURA ENERGY INC,https://valueinvestorsclub.com/idea/CONTURA_ENERGY_INC/0394081701
2020-04-06,UBER,murman,UBER TECHNOLOGIES INC,https://valueinvestorsclub.com/idea/UBER_TECHNOLOGIES_INC/0857067277
2020-03-26,(MYO,jm671,MYOVANT SCIENCES LTD (MYOV),https://valueinvestorsclub.com/idea/MYOVANT_SCIENCES_LTD_MYOV/7037943692
2020-03-20,NGHCO,david101,NATIONAL GENERAL HOLDINGS CP,https://valueinvestorsclub.com/idea/NATIONAL_GENERAL_HOLDINGS_CP/9806661001
2020-02-27,OTTW,david101,OTTAWA BANCORP INC,https://valueinvestorsclub.com/idea/OTTAWA_BANCORP_INC/7705985242
2020-02-23,ERKH,david101,Eureka Homestead Bancorp,https://valueinvestorsclub.com/idea/Eureka_Homestead_Bancorp/6179355280
2020-02-15,CNR,motherlode,Cornerstone Building Brands Inc.,https://valueinvestorsclub.com/idea/Cornerstone_Building_Brands_Inc./9556998907
2020-02-13,GIII,Woodrow,G-III APPAREL GROUP LTD,https://valueinvestorsclub.com/idea/G-III_APPAREL_GROUP_LTD/8646711273
2020-02-03,'24,puppyeh,MCDERMOTT INTL INC,https://valueinvestorsclub.com/idea/MCDERMOTT_INTL_INC/2294371830
2020-01-24,LYB,lordbeaverbrook,LYONDELLBASELL INDUSTRIES NV,https://valueinvestorsclub.com/idea/LYONDELLBASELL_INDUSTRIES_NV/8735580342
2020-01-17,POLA,hkup881,POLAR POWER INC,https://valueinvestorsclub.com/idea/POLAR_POWER_INC/9227250406
2020-01-08,AYSI,bowd57,ALLOY STEEL INTL INC,https://valueinvestorsclub.com/idea/ALLOY_STEEL_INTL_INC/7004579371
2020-01-06,EVER,aviclara181,EVERQUOTE INC,https://valueinvestorsclub.com/idea/EVERQUOTE_INC/1772901603
2019-12-13,HK,aviclara181,Wharf REIC,https://valueinvestorsclub.com/idea/Wharf_REIC/8015707228
2019-12-11,SLM,jim211,SLM CORP,https://valueinvestorsclub.com/idea/SLM_CORP/6361605760
2019-12-06,PFB.,andreas947,PFB CORP,https://valueinvestorsclub.com/idea/PFB_CORP/2077140210
2019-12-01,GYS,gary9,Gamesys Group PLC,https://valueinvestorsclub.com/idea/Gamesys_Group_PLC/2610588374
2019-11-27,TXMD,aviclara181,THERAPEUTICSMD INC,https://valueinvestorsclub.com/idea/THERAPEUTICSMD_INC/4224513728
2019-11-02,SDF,puppyeh,K+S Aktiengesellschaft,https://valueinvestorsclub.com/idea/KS_Aktiengesellschaft/1768041995
2019-10-21,BRFH,jm671,BARFRESH FOOD GROUP INC,https://valueinvestorsclub.com/idea/BARFRESH_FOOD_GROUP_INC/3954799823
2019-10-20,HEXO,puppyeh,HEXO CORP,https://valueinvestorsclub.com/idea/HEXO_CORP/5521939998
2019-10-17,SPOT,WinBrun,SPOTIFY TECHNOLOGY SA,https://valueinvestorsclub.com/idea/SPOTIFY_TECHNOLOGY_SA/0707132199
2019-10-14,KEM,andreas947,KEMET CORP,https://valueinvestorsclub.com/idea/KEMET_CORP/9027135419
2019-09-13,PKD,bdad,PARKER DRILLING CO,https://valueinvestorsclub.com/idea/PARKER_DRILLING_CO/7755484110
2019-08-24,SGA,andreas947,SAGA COMMUNICATIONS -CL A,https://valueinvestorsclub.com/idea/SAGA_COMMUNICATIONS__-CL_A/2363353097
2019-08-14,ERII,miser861,ENERGY RECOVERY INC,https://valueinvestorsclub.com/idea/ENERGY_RECOVERY_INC/6608409801
2019-08-07,EMGC,hkup881,EMERGENT CAPITAL INC,https://valueinvestorsclub.com/idea/EMERGENT_CAPITAL_INC/2419721447
2019-08-06,036190,miser861,Geumhwa,https://valueinvestorsclub.com/idea/Geumhwa/5000359361
2019-07-18,WEED.,hawkeye901,CANOPY GROWTH CORP,https://valueinvestorsclub.com/idea/CANOPY_GROWTH_CORP/5594666969
2019-07-08,LSE:BAB,murman,Babcock International PLC,https://valueinvestorsclub.com/idea/Babcock_International_PLC/0586531178
2019-07-02,SGMS,gary9,SCIENTIFIC GAMES CORP,https://valueinvestorsclub.com/idea/SCIENTIFIC_GAMES_CORP/8563481006
2019-06-30,PWR,lordbeaverbrook,QUANTA SERVICES INC,https://valueinvestorsclub.com/idea/QUANTA_SERVICES_INC/3137916709
2019-06-26,XPO,Pluto,XPO LOGISTICS INC,https://valueinvestorsclub.com/idea/XPO_LOGISTICS_INC/9204113124
2019-06-21,DXC,murman,DXC TECHNOLOGY CO,https://valueinvestorsclub.com/idea/DXC_TECHNOLOGY_CO/3729851567
2019-06-17,BC,hawkeye901,Brunswick Corporation,https://valueinvestorsclub.com/idea/Brunswick_Corporation/0157590972
2019-05-26,CBBI,david101,CBB Bancorp,https://valueinvestorsclub.com/idea/CBB_Bancorp/2518287226
2019-05-13,KMI,gary9,KINDER MORGAN INC,https://valueinvestorsclub.com/idea/KINDER_MORGAN_INC/5671901992
2019-05-10,GME,bdad,GAMESTOP CORP,https://valueinvestorsclub.com/idea/GAMESTOP_CORP/3079354101
2019-05-08,HK,mimval,Clear Media Ltd.,https://valueinvestorsclub.com/idea/Clear_Media_Ltd./5685044499
2019-05-06,CAL,Woodrow,CALERES INC,https://valueinvestorsclub.com/idea/CALERES_INC/1854218079
2019-04-17,6758,bdad,Sony,https://valueinvestorsclub.com/idea/Sony_/3646012808
2019-04-15,CHS,WinBrun,CHICOS FAS INC,https://valueinvestorsclub.com/idea/CHICOS_FAS_INC/0716207711
2019-03-27,NIO,puppyeh,NIO INC -ADR,https://valueinvestorsclub.com/idea/NIO_INC_-ADR/3031150659
2019-03-13,SFE,jm671,SAFEGUARD SCIENTIFICS INC,https://valueinvestorsclub.com/idea/SAFEGUARD_SCIENTIFICS_INC/8890915384
2019-02-28,EVI,bowd57,EVI INDUSTRIES INC,https://valueinvestorsclub.com/idea/EVI_INDUSTRIES_INC/7219458948
2019-02-27,AXAS,nha855,ABRAXAS PETROLEUM CORP/NV,https://valueinvestorsclub.com/idea/ABRAXAS_PETROLEUM_CORPNV/2826686406
2019-02-27,SRI,Woodrow,STONERIDGE INC,https://valueinvestorsclub.com/idea/STONERIDGE_INC/9781321086
2019-02-19,MXWL,puppyeh,MAXWELL TECHNOLOGIES INC,https://valueinvestorsclub.com/idea/MAXWELL_TECHNOLOGIES_INC/8641647280
2019-01-27,MTH,lordbeaverbrook,MERITAGE HOMES CORP,https://valueinvestorsclub.com/idea/MERITAGE_HOMES_CORP/1173921363
2019-01-17,STNG,hkup881,SCORPIO TANKERS INC,https://valueinvestorsclub.com/idea/SCORPIO_TANKERS_INC/1550919321
2019-01-02,SQN-CH,jim211,Swissquote,https://valueinvestorsclub.com/idea/Swissquote/2083619375
2018-10-25,NECB,david101,NORTHEAST COMMUNITY BANCORP,https://valueinvestorsclub.com/idea/NORTHEAST_COMMUNITY_BANCORP/2384942349
2018-10-22,BOMN,bowd57,BOSTON OMAHA CORPORATION,https://valueinvestorsclub.com/idea/BOSTON_OMAHA_CORPORATION/7021649736
2018-10-08,IGT,aviclara181,International Game Technology,https://valueinvestorsclub.com/idea/International_Game_Technology/8607199382
2018-10-08,LGIH,Pluto,LGI HOMES INC,https://valueinvestorsclub.com/idea/LGI_HOMES_INC/0179688089
2018-10-06,EL,WinBrun,Estee Lauder,https://valueinvestorsclub.com/idea/Estee_Lauder_/0047729894
2018-10-03,MNCN-JKT,jim211,Media Nusantara Citra,https://valueinvestorsclub.com/idea/Media_Nusantara_Citra/5617779399
2018-10-01,BLBD,hkup881,BLUE BIRD CORP,https://valueinvestorsclub.com/idea/BLUE_BIRD_CORP/9772868183
2018-10-01,GA,mimval,Intralot S.A.,https://valueinvestorsclub.com/idea/Intralot_S.A./5273204955
2018-09-28,STKS,jm671,THE ONE GROUP HOSPITALITY,https://valueinvestorsclub.com/idea/THE_ONE_GROUP_HOSPITALITY/8719014440
2018-08-13,DBD,puppyeh,DIEBOLD NIXDORF INC,https://valueinvestorsclub.com/idea/DIEBOLD_NIXDORF_INC/9216186035
2018-08-07,TMMG,andreas947,The Mission Marketing Group plc,https://valueinvestorsclub.com/idea/The_Mission_Marketing_Group_plc/5220406037
2018-07-27,000660,miser861,SK Hynix,https://valueinvestorsclub.com/idea/SK_Hynix/0811031109
2018-07-25,7550,puppyeh,Zensho Holdings,https://valueinvestorsclub.com/idea/Zensho_Holdings/1340745052
2018-07-23,MATW,Woodrow,MATTHEWS INTL CORP -CL A,https://valueinvestorsclub.com/idea/MATTHEWS_INTL_CORP__-CL_A/7760433300
2018-07-17,912796QR3,bowd57,CASH,https://valueinvestorsclub.com/idea/CASH/6214022925
2018-07-17,DAVE,andreas947,FAMOUS DAVES OF AMERICA INC,https://valueinvestorsclub.com/idea/FAMOUS_DAVES_OF_AMERICA_INC/1445764378
2018-07-16,6425,puppyeh,Universal Entertainment,https://valueinvestorsclub.com/idea/Universal_Entertainment/8318793142
2018-06-27,TCL.A,andreas947,TRANSCONTINENTAL INC -CL A,https://valueinvestorsclub.com/idea/TRANSCONTINENTAL_INC_-CL_A/3148979019
2018-06-26,MELI,Pluto,MERCADOLIBRE INC,https://valueinvestorsclub.com/idea/MERCADOLIBRE_INC/0386462543
2018-06-22,35905BAA5,nha855,FRONTERA ENERGY CORPORATION,https://valueinvestorsclub.com/idea/FRONTERA_ENERGY_CORPORATION/9250227715
2018-06-13,ECNCF,gary9,ECN CAPITAL CORP,https://valueinvestorsclub.com/idea/ECN_CAPITAL_CORP/7484077099
2018-06-07,FLEX,gary9,FLEX LTD,https://valueinvestorsclub.com/idea/FLEX_LTD/2629198122
2018-06-06,745235m5,bdad,Puerto Rican Building Authority,https://valueinvestorsclub.com/idea/Puerto_Rican_Building_Authority/3502473650
2018-06-02,IAU,miser861,ISHARES GOLD TRUST,https://valueinvestorsclub.com/idea/ISHARES_GOLD_TRUST/8051949893
2018-05-19,GM,lordbeaverbrook,GENERAL MOTORS CO,https://valueinvestorsclub.com/idea/GENERAL_MOTORS_CO/5639572558
2018-05-02,LEN,lordbeaverbrook,LENNAR CORP,https://valueinvestorsclub.com/idea/LENNAR_CORP/7723803092
2018-04-25,QCP,Woodrow,QUALITY CARE PROPERTIES INC,https://valueinvestorsclub.com/idea/QUALITY_CARE_PROPERTIES_INC/2174642681
2018-04-18,ICCH,david101,ICC HOLDING INC,https://valueinvestorsclub.com/idea/ICC_HOLDING_INC/0039487153
2018-04-11,BAM2,puppyeh,GRAFTECH INTERNATIONAL LTD,https://valueinvestorsclub.com/idea/GRAFTECH_INTERNATIONAL_LTD/5782887411
2018-04-09,NRP,nha855,Natural Resource Partners,https://valueinvestorsclub.com/idea/Natural_Resource_Partners/1819536597
2018-04-08,SFIX,WinBrun,STITCH FIX INC,https://valueinvestorsclub.com/idea/STITCH_FIX_INC/3537437858
2018-04-01,CMFN,david101,CM FINANCE INC,https://valueinvestorsclub.com/idea/CM_FINANCE_INC/6926674556
2018-03-21,SATS,nha855,ECHOSTAR CORP,https://valueinvestorsclub.com/idea/ECHOSTAR_CORP/5664178893
2018-03-21,CARD:LN,jim211,Card Factory PLC,https://valueinvestorsclub.com/idea/Card_Factory_PLC/3378259577
2018-03-14,NETE,jm671,NET ELEMENT INC,https://valueinvestorsclub.com/idea/NET_ELEMENT_INC/8847683042
2018-03-13,MK,Pluto,AirAsia Bhd,https://valueinvestorsclub.com/idea/AirAsia_Bhd/7221875049
2018-03-08,JASN,jm671,JASON INDUSTRIES INC,https://valueinvestorsclub.com/idea/JASON_INDUSTRIES_INC/8415095952
2018-02-20,VMD.,hkup881,VIEMED HEALTHCARE -SPN,https://valueinvestorsclub.com/idea/VIEMED_HEALTHCARE_-SPN/4706488482
2018-02-15,MCK,murman,MCKESSON CORP,https://valueinvestorsclub.com/idea/MCKESSON_CORP/4742696554
2018-02-15,TWLO,murman,TWILIO INC,https://valueinvestorsclub.com/idea/TWILIO_INC/3972327004
2018-02-13,AMC,mimval,AMC ENTERTAINMENT HOLDINGS,https://valueinvestorsclub.com/idea/AMC_ENTERTAINMENT_HOLDINGS/9309645712
2018-02-12,FLXN,aviclara181,FLEXION THERAPEUTICS INC,https://valueinvestorsclub.com/idea/FLEXION_THERAPEUTICS_INC/7350226369
2018-01-23,LSYN,lordbeaverbrook,LIBERATED SYNDICATION INC,https://valueinvestorsclub.com/idea/LIBERATED_SYNDICATION_INC/1362070373
2018-01-21,HCA,andreas947,HCA HEALTHCARE INC,https://valueinvestorsclub.com/idea/HCA_HEALTHCARE_INC/8037182712
2018-01-11,REZT,puppyeh,Rezidor,https://valueinvestorsclub.com/idea/Rezidor/0924113132
2018-01-09,8473,bdad,SBI Holdings,https://valueinvestorsclub.com/idea/SBI_Holdings/7284811000
2018-01-05,TDW,hkup881,TIDEWATER INC,https://valueinvestorsclub.com/idea/TIDEWATER_INC/8876655121
2017-11-21,KTP,bowd57,CORTS TR J C PENNEY,https://valueinvestorsclub.com/idea/CORTS_TR_J_C_PENNEY/2632985368
2017-11-17,BBX,hkup881,BBX CAPITAL CORPORATION,https://valueinvestorsclub.com/idea/BBX_CAPITAL_CORPORATION/2518933885
2017-11-10,FUNO11-MEX,jim211,Fibra Uno,https://valueinvestorsclub.com/idea/Fibra_Uno/1415710933
2017-10-31,LXS.GR,andreas947,LANXESS,https://valueinvestorsclub.com/idea/LANXESS/2963703009
2017-10-13,DISH,WinBrun,DISH NETWORK CORP,https://valueinvestorsclub.com/idea/DISH_NETWORK_CORP/8333041783
2017-10-09,RYAM,aviclara181,RAYONIER ADVANCED MATERIALS,https://valueinvestorsclub.com/idea/RAYONIER_ADVANCED_MATERIALS/4766059903
2017-09-19,EROS,jm671,EROS INTERNATIONAL PLC,https://valueinvestorsclub.com/idea/EROS_INTERNATIONAL_PLC/4402308714
2017-08-27,AIM.,hkup881,AIMIA INC,https://valueinvestorsclub.com/idea/AIMIA_INC/9491011575
2017-08-07,SVU,Woodrow,SUPERVALU INC,https://valueinvestorsclub.com/idea/SUPERVALU_INC/1033667509
2017-07-22,6740,puppyeh,Japan Display Inc,https://valueinvestorsclub.com/idea/Japan_Display_Inc/8033170378
2017-07-21,ZO1,CFL41,zooplus AG,https://valueinvestorsclub.com/idea/zooplus_AG/7132385387
2017-07-13,OMNT,jm671,OMINTO INC,https://valueinvestorsclub.com/idea/OMINTO_INC/9707194887
2017-07-12,6753.T,puppyeh,SHARP CORP,https://valueinvestorsclub.com/idea/SHARP_CORP/1458202887
2017-07-10,LN,aviclara181,RPC LN,https://valueinvestorsclub.com/idea/RPC_LN/1849370811
2017-07-06,HSIC,gary9,SCHEIN (HENRY) INC,https://valueinvestorsclub.com/idea/SCHEIN_HENRY_INC/7721933270
2017-07-04,DHI,lordbeaverbrook,D R HORTON INC,https://valueinvestorsclub.com/idea/D_R_HORTON_INC/2435967447
2017-06-29,NTB,gary9,BANK OF NT BUTTERFIELD & SON,https://valueinvestorsclub.com/idea/BANK_OF_NT_BUTTERFIELD_andamp%3B_SON/7380380293
2017-06-25,JD,Pluto,JD.COM INC -ADR,https://valueinvestorsclub.com/idea/JD.COM_INC__-ADR/2081685592
2017-06-11,FCOB,david101,1ST COLONIAL BANCORP INC,https://valueinvestorsclub.com/idea/1ST_COLONIAL_BANCORP_INC/2738712782
2017-06-05,FRTA,bdad,FORTERRA INC (FRTA),https://valueinvestorsclub.com/idea/FORTERRA_INC_FRTA/8957749556
2017-05-31,ADNT,hawkeye901,ADIENT PLC,https://valueinvestorsclub.com/idea/ADIENT_PLC/9103338747
2017-05-31,HK,hawkeye901,China Evergrande Group,https://valueinvestorsclub.com/idea/China_Evergrande_Group/5922448279
2017-05-25,CSU,miser861,Constellation Software,https://valueinvestorsclub.com/idea/Constellation_Software/3561446129
2017-05-22,PAM,torico780,PAMPA ENERGIA SA,https://valueinvestorsclub.com/idea/PAMPA_ENERGIA_SA/8525300281
2017-05-21,CBW.,hkup881,CANNABIS WHEATON INCOME CORP,https://valueinvestorsclub.com/idea/CANNABIS_WHEATON_INCOME_CORP/0111191555
2017-05-16,RRGB,Woodrow,RED ROBIN GOURMET BURGERS,https://valueinvestorsclub.com/idea/RED_ROBIN_GOURMET_BURGERS/7929663195
2017-05-12,VRX.,torico780,VALEANT PHARMACEUTICALS INTL,https://valueinvestorsclub.com/idea/VALEANT_PHARMACEUTICALS_INTL/4558541084
2017-05-11,EEI,andreas947,ECOLOGY AND ENVIRONMENT INC,https://valueinvestorsclub.com/idea/ECOLOGY_AND_ENVIRONMENT_INC/8986408174
2017-05-08,DRYS,hkup881,DRYSHIPS INC,https://valueinvestorsclub.com/idea/DRYSHIPS_INC/6416912945
2017-05-05,KOMB-PRA,jim211,Komercni Banka,https://valueinvestorsclub.com/idea/Komercni_Banka/0237869804
2017-05-02,BJRI,andreas947,BJ'S RESTAURANTS INC,https://valueinvestorsclub.com/idea/BJS_RESTAURANTS_INC/7197817574
2017-04-25,REV,mimval,REVLON INC -CL A,https://valueinvestorsclub.com/idea/REVLON_INC__-CL_A/4073938121
2017-04-25,APWC,bowd57,Asia Pacifc Wire & Cable,https://valueinvestorsclub.com/idea/Asia_Pacifc_Wire_andamp%3B_Cable/9043683182
2017-04-14,LGF.B,WinBrun,LIONS GATE ENTERTAINMENT CP,https://valueinvestorsclub.com/idea/LIONS_GATE_ENTERTAINMENT_CP/8245075174
2017-03-07,CLNS.PB,bowd57,COLONY NORTHSTAR INC,https://valueinvestorsclub.com/idea/COLONY_NORTHSTAR_INC/8769426670
2017-02-04,6588.T,puppyeh,Toshiba TEC,https://valueinvestorsclub.com/idea/Toshiba_TEC/6606438950
2017-01-08,SNES,jm671,SENESTECH INC,https://valueinvestorsclub.com/idea/SENESTECH_INC/9982000204
2017-01-03,SINA,ahab931,SINA Corp,https://valueinvestorsclub.com/idea/SINA_Corp/9456568162
2016-12-06,IMSCQ,bdad,IMPLANT SCIENCES CORP,https://valueinvestorsclub.com/idea/IMPLANT_SCIENCES_CORP/5888875644
2016-12-03,IHRC,david101,INVESTORS HERITAGE CAP CORP,https://valueinvestorsclub.com/idea/INVESTORS_HERITAGE_CAP_CORP/8041260197
2016-11-29,OPERA,aviclara181,Opera Software,https://valueinvestorsclub.com/idea/Opera_Software/6842521115
2016-11-23,CAA,lordbeaverbrook,CALATLANTIC GROUP INC,https://valueinvestorsclub.com/idea/CALATLANTIC_GROUP_INC/4603478144
2016-11-13,SAQ,bowd57,SARATOGA INVST 7.5 NT 2020,https://valueinvestorsclub.com/idea/SARATOGA_INVST_7.5_NT_2020/3328602433
2016-11-07,CMPR,Pluto,CIMPRESS NV,https://valueinvestorsclub.com/idea/CIMPRESS_NV/7414281242
2016-11-02,GOOG,miser861,ALPHABET INC,https://valueinvestorsclub.com/idea/ALPHABET_INC/4470463862
2016-11-02,CN,nha855,Pacific Exploration & Production,https://valueinvestorsclub.com/idea/Pacific_Exploration_andamp%3B_Production/5796086719
2016-10-30,TDW,hkup881,TIDEWATER INC,https://valueinvestorsclub.com/idea/TIDEWATER_INC/0718925330
2016-10-30,MX,aviclara181,MAGNACHIP SEMICONDUCTOR CORP,https://valueinvestorsclub.com/idea/MAGNACHIP_SEMICONDUCTOR_CORP/4456426931
2016-10-26,DISCA,murman,Discovery Communications,https://valueinvestorsclub.com/idea/Discovery_Communications/5992346777
2016-10-26,GILD,murman,GILEAD SCIENCES INC,https://valueinvestorsclub.com/idea/GILEAD_SCIENCES_INC/6238579821
2016-09-21,PPC-JSE,jim211,PPC Ltd.,https://valueinvestorsclub.com/idea/PPC_Ltd./2409601468
2016-09-13,PVA,nha855,Penn Virginia,https://valueinvestorsclub.com/idea/Penn_Virginia/0795871432
2016-09-05,975,hkup881,Mongolian Mining Corp,https://valueinvestorsclub.com/idea/Mongolian_Mining_Corp/6663750233
2016-07-26,STRL,lordbeaverbrook,STERLING CONSTRUCTION CO INC,https://valueinvestorsclub.com/idea/STERLING_CONSTRUCTION_CO_INC/4047449387
2016-07-21,SFTBY,murman,SOFTBANK GROUP CORP,https://valueinvestorsclub.com/idea/SOFTBANK_GROUP_CORP/3192949500
2016-07-19,139480,miser861,Emart,https://valueinvestorsclub.com/idea/Emart/1439644262
2016-07-19,BIG,andreas947,BIG LOTS INC,https://valueinvestorsclub.com/idea/BIG_LOTS_INC/0835026654
2016-07-11,GPW-WAR,jim211,Warsaw Stock Exchange,https://valueinvestorsclub.com/idea/Warsaw_Stock_Exchange/8631956322
2016-07-07,KEX,gary9,KIRBY CORP,https://valueinvestorsclub.com/idea/KIRBY_CORP/1677346581
2016-07-06,DHG,bowd57,Deutsche High Income Opportunities Fund Inc.,https://valueinvestorsclub.com/idea/Deutsche_High_Income_Opportunities_Fund_Inc./9129414794
2016-06-27,TDG,CFL41,TRANSDIGM GROUP INC,https://valueinvestorsclub.com/idea/TRANSDIGM_GROUP_INC/5703017186
2016-06-27,NFLX,WinBrun,NETFLIX INC,https://valueinvestorsclub.com/idea/NETFLIX_INC/8544608867
2016-06-23,ECTE,jm671,ECHO THERAPEUTICS INC,https://valueinvestorsclub.com/idea/ECHO_THERAPEUTICS_INC/8097044911
2016-05-30,CBL,hkup881,CBL & ASSOCIATES PPTYS INC,https://valueinvestorsclub.com/idea/CBL_and_ASSOCIATES_PPTYS_INC/3550193251
2016-05-11,SRAQU,tomahawk990,SILVER RUN ACQUISITION CORP,https://valueinvestorsclub.com/idea/SILVER_RUN_ACQUISITION_CORP/7646127782
2016-05-10,CKEC,mimval,CARMIKE CINEMAS INC,https://valueinvestorsclub.com/idea/CARMIKE_CINEMAS_INC/1510651388
2016-04-20,6502.T,puppyeh,Toshiba Corp,https://valueinvestorsclub.com/idea/Toshiba_Corp/2183700916
2016-04-14,GRUB,miser861,GRUBHUB INC,https://valueinvestorsclub.com/idea/GRUBHUB_INC/2039270068
2016-04-13,LGF,WinBrun,LIONS GATE ENTERTAINMENT CP,https://valueinvestorsclub.com/idea/LIONS_GATE_ENTERTAINMENT_CP/3547694113
2016-04-11,CECO,nha855,CAREER EDUCATION CORP,https://valueinvestorsclub.com/idea/CAREER_EDUCATION_CORP/7957745368
2016-04-10,ARTX,jm671,AROTECH CORP,https://valueinvestorsclub.com/idea/AROTECH_CORP/2447476436
2016-03-30,NCIT,andreas947,NCI INC,https://valueinvestorsclub.com/idea/NCI_INC/3443480216
2016-03-18,LN,hawkeye901,Clydesdale Bank,https://valueinvestorsclub.com/idea/Clydesdale_Bank/0533635464
2016-03-18,OZRK,Pluto,BANK OF THE OZARKS INC,https://valueinvestorsclub.com/idea/BANK_OF_THE_OZARKS_INC/0118800774
2016-03-09,,ahab931,SPRINT CORP,https://valueinvestorsclub.com/idea/SPRINT_CORP/1794999498
2016-02-09,SRG,Woodrow,SERITAGE GROWTH PROPERTIES,https://valueinvestorsclub.com/idea/SERITAGE_GROWTH_PROPERTIES/7710498575
2016-01-27,TPH,lordbeaverbrook,TRI POINTE GROUP INC,https://valueinvestorsclub.com/idea/TRI_POINTE_GROUP_INC/9667763941
2016-01-19,EFII,gary9,ELECTRONICS FOR IMAGING INC,https://valueinvestorsclub.com/idea/ELECTRONICS_FOR_IMAGING_INC/3341641265
2016-01-11,IBKR,CFL41,INTERACTIVE BROKERS GROUP,https://valueinvestorsclub.com/idea/INTERACTIVE_BROKERS_GROUP/5747581599
2016-01-06,AVP,aviclara181,AVON PRODUCTS,https://valueinvestorsclub.com/idea/AVON_PRODUCTS/9191171611
2016-01-03,VRX.,ahab931,VALEANT PHARMACEUTICALS INTL,https://valueinvestorsclub.com/idea/VALEANT_PHARMACEUTICALS_INTL/1444701373
2016-01-01,CSWC,david101,CAPITAL SOUTHWEST CORP,https://valueinvestorsclub.com/idea/CAPITAL_SOUTHWEST_CORP/4850433176
2015-12-31,anet,bdad,Arista,https://valueinvestorsclub.com/idea/Arista/6751735564
2015-12-30,OFS,david101,OFS CAPITAL CORP,https://valueinvestorsclub.com/idea/OFS_CAPITAL_CORP/0926494541
2015-12-11,IHYG,torico780,ISHARES PLC ISHARES EURO HIGH YLD CORP BND UCITS ETF,https://valueinvestorsclub.com/idea/ISHARES_PLC_ISHARES_EURO_HIGH_YLD_CORP_BND_UCITS_ETF/9246575397
2015-12-01,GBLI,david101,GLOBAL INDEMNITY PLC,https://valueinvestorsclub.com/idea/GLOBAL_INDEMNITY_PLC/9163883816
2015-11-17,MAIN,Woodrow,MAIN STREET CAPITAL CORP (MAIN),https://valueinvestorsclub.com/idea/MAIN_STREET_CAPITAL_CORP_MAIN/2359383343
2015-11-11,TMR.,tomahawk990,TMAC RESOURCES INC,https://valueinvestorsclub.com/idea/TMAC_RESOURCES_INC/8499882615
2015-10-27,HCLP,hkup881,HI-CRUSH PARTNERS LP,https://valueinvestorsclub.com/idea/HI-CRUSH_PARTNERS_LP/7526881770
2015-10-22,TNET,murman,TRINET GROUP INC,https://valueinvestorsclub.com/idea/TRINET_GROUP_INC/2060114290
2015-10-21,LOCK,murman,LIFELOCK INC,https://valueinvestorsclub.com/idea/LIFELOCK_INC/6752681958
2015-10-18,UFAB,jm671,UNIQUE FABRICATING INC,https://valueinvestorsclub.com/idea/UNIQUE_FABRICATING_INC/3870487128
2015-08-14,HCBK,nha855,HUDSON CITY BANCORP INC,https://valueinvestorsclub.com/idea/HUDSON_CITY_BANCORP_INC/5959927800
2015-08-11,NXRT,bowd57,NEXPOINT RESIDENTIAL TR INC,https://valueinvestorsclub.com/idea/NEXPOINT_RESIDENTIAL_TR_INC/4117242248
2015-08-10,PCP,Pluto,PRECISION CASTPARTS CORP,https://valueinvestorsclub.com/idea/PRECISION_CASTPARTS_CORP/9922426545
2015-08-04,eadsy,lordbeaverbrook,Airbus,https://valueinvestorsclub.com/idea/Airbus/8463234406
2015-08-04,NSAM,brook1001,NORTHSTAR ASSET MGMT GRP INC,https://valueinvestorsclub.com/idea/NORTHSTAR_ASSET_MGMT_GRP_INC/4981817540
2015-07-28,LILAK,bdad,LIBERTY GLOBAL PLC -LILAC GP,https://valueinvestorsclub.com/idea/LIBERTY_GLOBAL_PLC_-LILAC_GP/5539179776
2015-07-27,VRX.,ahab931,VALEANT PHARMACEUTICALS INTL,https://valueinvestorsclub.com/idea/VALEANT_PHARMACEUTICALS_INTL/9490329961
2015-07-24,EZPW,murman,EZCORP INC -CL A,https://valueinvestorsclub.com/idea/EZCORP_INC__-CL_A/0757284415
2015-07-09,NSM,aviclara181,NATIONSTAR MORTGAGE HOLDINGS,https://valueinvestorsclub.com/idea/NATIONSTAR_MORTGAGE_HOLDINGS/6265807904
2015-07-02,GOOG,miser861,GOOGLE INC,https://valueinvestorsclub.com/idea/GOOGLE_INC/6558931386
2015-06-25,SEMI,gary9,SUNEDISON SEMICONDUCTOR LTD,https://valueinvestorsclub.com/idea/SUNEDISON_SEMICONDUCTOR_LTD/8301916481
2015-06-11,BBTG11,jim211,Banco BTG Pactual,https://valueinvestorsclub.com/idea/Banco_BTG_Pactual/1134611659
2015-05-21,RET.,andreas947,REITMANS (CANADA) -CL A,https://valueinvestorsclub.com/idea/REITMANS_CANADA__-CL_A/7868090866
2015-05-11,DTX.,tomahawk990,DEETHREE EXPLORATION LTD,https://valueinvestorsclub.com/idea/DEETHREE_EXPLORATION_LTD/0931163924
2015-05-07,CTMMB,WinBrun,CTM MEDIA HOLDINGS INC,https://valueinvestorsclub.com/idea/CTM_MEDIA_HOLDINGS_INC/7554489250
2015-04-21,CONN,murman,CONN'S INC,https://valueinvestorsclub.com/idea/CONNS_INC/2058272304
2015-04-09,Debt,nha855,CLIFFS NATURAL RESOURCES,https://valueinvestorsclub.com/idea/CLIFFS_NATURAL_RESOURCES/0502074929
2015-04-02,CFG,brook1001,CITIZENS FINANCIAL GROUP INC,https://valueinvestorsclub.com/idea/CITIZENS_FINANCIAL_GROUP_INC/7179729521
2015-03-27,AENA,miser861,Aena SA,https://valueinvestorsclub.com/idea/Aena_SA/6767133191
2015-03-13,TRCO,bdad,TRIBUNE MEDIA CO,https://valueinvestorsclub.com/idea/TRIBUNE_MEDIA_CO/2393091396
2015-03-09,BKS,andreas947,BARNES & NOBLE INC,https://valueinvestorsclub.com/idea/BARNES_and_NOBLE_INC/2687080168
2015-03-02,NHF,bowd57,NexPoint Credit Strategies Fund,https://valueinvestorsclub.com/idea/NexPoint_Credit_Strategies_Fund/2465456727
2015-02-17,RESN,jm671,RESONANT INC,https://valueinvestorsclub.com/idea/RESONANT_INC/2837492966
2015-01-28,TWX,WinBrun,TIME WARNER INC,https://valueinvestorsclub.com/idea/TIME_WARNER_INC/2200518217
2015-01-20,TWI,jim211,TITAN INTERNATIONAL INC,https://valueinvestorsclub.com/idea/TITAN_INTERNATIONAL_INC/1023172259
2015-01-20,FXCM,hkup881,FXCM INC,https://valueinvestorsclub.com/idea/FXCM_INC/7644904030
2015-01-16,GLW,aviclara181,CORNING INC,https://valueinvestorsclub.com/idea/CORNING_INC/5499253938
2014-12-23,WPG,hawkeye901,Washington Prime Group,https://valueinvestorsclub.com/idea/Washington_Prime_Group/7521680789
2014-12-15,GDO,bowd57,Western Asset Global Corporate Defined Opportunity Fund,https://valueinvestorsclub.com/idea/Western_Asset_Global_Corporate_Defined_Opportunity_Fund/7582191504
2014-12-15,I,hawkeye901,INTELSAT SA,https://valueinvestorsclub.com/idea/INTELSAT_SA/6463183791
2014-12-12,OWW,andreas947,ORBITZ WORLDWIDE INC,https://valueinvestorsclub.com/idea/ORBITZ_WORLDWIDE_INC/4270356487
2014-12-10,TKR,gary9,TIMKEN CO,https://valueinvestorsclub.com/idea/TIMKEN_CO/6525052712
2014-11-25,FFNM,david101,FIRST FED NOR MICH BANCORP,https://valueinvestorsclub.com/idea/FIRST_FED_NOR_MICH_BANCORP/5012122976
2014-11-21,SFLY,aviclara181,SHUTTERFLY INC,https://valueinvestorsclub.com/idea/SHUTTERFLY_INC/7375698708
2014-10-27,EDGW,andreas947,EDGEWATER TECHNOLOGY INC,https://valueinvestorsclub.com/idea/EDGEWATER_TECHNOLOGY_INC/4327430528
2014-10-21,ADK,jm671,ADCARE HEALTH SYSTEMS INC,https://valueinvestorsclub.com/idea/ADCARE_HEALTH_SYSTEMS_INC/1186758806
2014-10-17,PX,lordbeaverbrook,PRAXAIR INC,https://valueinvestorsclub.com/idea/PRAXAIR_INC/9556155087
2014-10-16,MSO,nha855,MARTHA STEWART LIVING OMNIMD,https://valueinvestorsclub.com/idea/MARTHA_STEWART_LIVING_OMNIMD/7849296185
2014-10-08,GRBK,tomahawk990,GREEN BRICK PARTNERS INC,https://valueinvestorsclub.com/idea/GREEN_BRICK_PARTNERS_INC/0777309767
2014-10-07,ST,hkup881,SENSATA TECHNOLOGIES HLDG NV,https://valueinvestorsclub.com/idea/SENSATA_TECHNOLOGIES_HLDG_NV/8133732933
2014-10-03,NRF,brook1001,NORTHSTAR REALTY FINANCE CP,https://valueinvestorsclub.com/idea/NORTHSTAR_REALTY_FINANCE_CP/6822430128
2014-10-03,RMD,brook1001,RESMED INC,https://valueinvestorsclub.com/idea/RESMED_INC/6569466131
2014-09-29,CCG,hkup881,CAMPUS CREST COMMUNITIES INC,https://valueinvestorsclub.com/idea/CAMPUS_CREST_COMMUNITIES_INC/2658326550
2014-09-28,SNNY,david101,Sunnyside Bancorp,https://valueinvestorsclub.com/idea/Sunnyside_Bancorp/5065644340
2014-09-17,CRE,andreas947,Creston plc,https://valueinvestorsclub.com/idea/Creston_plc/8788450162
2014-09-05,ALLE,bdad,ALLEGION PLC,https://valueinvestorsclub.com/idea/ALLEGION_PLC/2334709864
2014-08-21,CNVR,andreas947,Conversant,https://valueinvestorsclub.com/idea/Conversant/8038939499
2014-08-07,STRZB,WinBrun,STARZ,https://valueinvestorsclub.com/idea/STARZ/1488482011
2014-07-31,FIATY,Pluto,FIAT SPA,https://valueinvestorsclub.com/idea/FIAT_SPA/2672786087
2014-07-16,URI,miser861,UNITED RENTALS INC,https://valueinvestorsclub.com/idea/UNITED_RENTALS_INC/9169494960
2014-07-14,ACN,gary9,ACCENTURE PLC,https://valueinvestorsclub.com/idea/ACCENTURE_PLC/1008851482
2014-07-05,APWC,bowd57,ASIA PACIFIC WIRE&CABLE CORP,https://valueinvestorsclub.com/idea/ASIA_PACIFIC_WIREandCABLE_CORP/4913928123
2014-06-26,ZINC,Pluto,HORSEHEAD HOLDING CORP,https://valueinvestorsclub.com/idea/HORSEHEAD_HOLDING_CORP/3972280190
2014-06-18,CBPX,bdad,CONTINENTAL BUILDING PRODS,https://valueinvestorsclub.com/idea/CONTINENTAL_BUILDING_PRODS/5364247717
2014-05-30,TTRAK-IST,jim211,Turk Traktor,https://valueinvestorsclub.com/idea/Turk_Traktor/5648295664
2014-05-22,LINSA,david101,Life Insurance Company of Alabama,https://valueinvestorsclub.com/idea/Life_Insurance_Company_of_Alabama/1473478238
2014-04-12,FIG,nha855,FORTRESS INVESTMENT GRP LLC,https://valueinvestorsclub.com/idea/FORTRESS_INVESTMENT_GRP_LLC/3696401800
2014-04-10,ARTX,jm671,AROTECH CORP,https://valueinvestorsclub.com/idea/AROTECH_CORP/5061846969
2014-04-09,SCTY,hawkeye901,SOLARCITY CORP,https://valueinvestorsclub.com/idea/SOLARCITY_CORP/5840788859
2014-04-02,CQB,aviclara181,CHIQUITA BRANDS INTL INC,https://valueinvestorsclub.com/idea/CHIQUITA_BRANDS_INTL_INC/9053250737
2014-03-16,EFSG,david101,ENTERPRISE FINL SERVICES CP,https://valueinvestorsclub.com/idea/ENTERPRISE_FINL_SERVICES_CP/1188494746
2014-02-22,WTW,murman,WEIGHT WATCHERS INTL INC,https://valueinvestorsclub.com/idea/WEIGHT_WATCHERS_INTL_INC/7795846639
2014-02-18,DEG,andreas947,DELHAIZE GROUP - ETS DLHZ FR,https://valueinvestorsclub.com/idea/DELHAIZE_GROUP_-_ETS_DLHZ_FR/7746316011
2014-01-31,ONVI,andreas947,ONVIA INC,https://valueinvestorsclub.com/idea/ONVIA_INC/1827061706
2014-01-27,CSCO,jim211,CISCO SYSTEMS INC,https://valueinvestorsclub.com/idea/CISCO_SYSTEMS_INC/4576487103
2014-01-20,POST,miser861,POST HOLDINGS INC,https://valueinvestorsclub.com/idea/POST_HOLDINGS_INC/0714493533
2013-12-30,BZ,nha855,Smiles,https://valueinvestorsclub.com/idea/Smiles/6331124488
2013-12-16,JPI,bowd57,NUVEEN PFD AND INC TERM FD,https://valueinvestorsclub.com/idea/NUVEEN_PFD_AND_INC_TERM_FD/5052582346
2013-12-16,SUNE,aviclara181,SUNEDISON INC,https://valueinvestorsclub.com/idea/SUNEDISON_INC/2065586268
2013-12-04,NRZ,gary9,NEW RESIDENTIAL INV CP,https://valueinvestorsclub.com/idea/NEW_RESIDENTIAL_INV_CP/4998147620
2013-12-02,JMBA,CFL41,JAMBA INC,https://valueinvestorsclub.com/idea/JAMBA_INC/7141395091
2013-11-23,LL,wrt233,LUMBER LIQUIDATORS HLDGS INC,https://valueinvestorsclub.com/idea/LUMBER_LIQUIDATORS_HLDGS_INC/3185067886
2013-11-14,GSB,andreas947,GLOBALSCAPE INC,https://valueinvestorsclub.com/idea/GLOBALSCAPE_INC/6884221426
2013-11-04,MSO,WinBrun,MARTHA STEWART LIVING OMNIMD,https://valueinvestorsclub.com/idea/MARTHA_STEWART_LIVING_OMNIMD/0996748809
2013-11-01,QCOM,murman,QUALCOMM INC,https://valueinvestorsclub.com/idea/QUALCOMM_INC/8863387090
2013-10-22,UNSECURED,hkup881,Boart Longyear,https://valueinvestorsclub.com/idea/Boart_Longyear/7543864185
2013-09-26,BHI,lordbeaverbrook,BAKER HUGHES INC,https://valueinvestorsclub.com/idea/BAKER_HUGHES_INC/1249435563
2013-09-25,BRPPY,bdad,BR PROPERTIES SA,https://valueinvestorsclub.com/idea/BR_PROPERTIES_SA/0264018194
2013-09-10,DDS,aviclara181,DILLARDS INC -CL A,https://valueinvestorsclub.com/idea/DILLARDS_INC__-CL_A/4667373172
2013-08-15,GAIA,hkup881,GAIAM INC,https://valueinvestorsclub.com/idea/GAIAM_INC/5987287508
2013-08-06,CN,tomahawk990,Strategic Oil & Gas,https://valueinvestorsclub.com/idea/Strategic_Oil_and_Gas/7467256935
2013-08-05,NS,hawkeye901,NUSTAR ENERGY LP,https://valueinvestorsclub.com/idea/NUSTAR_ENERGY_LP/1448083923
2013-07-29,NSU,tomahawk990,NEVSUN RESOURCES LTD,https://valueinvestorsclub.com/idea/NEVSUN_RESOURCES_LTD/6475859789
2013-07-18,EMMS,bowd57,EMMIS COMMUNICATIONS CP-CL A,https://valueinvestorsclub.com/idea/EMMIS_COMMUNICATIONS_CP-CL_A/9284550843
2013-07-09,MK,jim211,Kian Joo Can Factory,https://valueinvestorsclub.com/idea/Kian_Joo_Can_Factory/9257531581
2013-07-07,GRMN,bdad,GARMIN LTD,https://valueinvestorsclub.com/idea/GARMIN_LTD/2675737130
2013-06-27,IRG.TO,andreas947,IMVESCOR RESTAURANT GRP INC,https://valueinvestorsclub.com/idea/IMVESCOR_RESTAURANT_GRP_INC/0701530496
2013-06-21,LUV,lordbeaverbrook,SOUTHWEST AIRLINES,https://valueinvestorsclub.com/idea/SOUTHWEST_AIRLINES/3231859619
2013-06-19,SWY,brook1001,SAFEWAY INC,https://valueinvestorsclub.com/idea/SAFEWAY_INC/8172007522
2013-06-03,CLNY,gary9,COLONY FINANCIAL INC,https://valueinvestorsclub.com/idea/COLONY_FINANCIAL_INC/2832600953
2013-05-21,ABTL,andreas947,AUTOBYTEL INC,https://valueinvestorsclub.com/idea/AUTOBYTEL_INC/0304112178
2013-05-15,MX,aviclara181,MAGNACHIP SEMICONDUCTOR CORP,https://valueinvestorsclub.com/idea/MAGNACHIP_SEMICONDUCTOR_CORP/9475739963
2013-04-16,LOGM,aviclara181,LOGMEIN INC,https://valueinvestorsclub.com/idea/LOGMEIN_INC/9043791823
2013-04-15,MU,aviclara181,MICRON TECHNOLOGY INC,https://valueinvestorsclub.com/idea/MICRON_TECHNOLOGY_INC/0240059829
2013-04-11,GKK,nha855,GRAMERCY CAPITAL CORP,https://valueinvestorsclub.com/idea/GRAMERCY_CAPITAL_CORP/2017310483
2013-04-02,UNXL,nha855,UNI-PIXEL INC,https://valueinvestorsclub.com/idea/UNI-PIXEL_INC/9886128335
2013-03-22,ORIG,gary9,OCEAN RIG UDW INC,https://valueinvestorsclub.com/idea/OCEAN_RIG_UDW_INC/9661854785
2013-03-20,OPK,hawkeye901,Opko,https://valueinvestorsclub.com/idea/Opko/6845771067
2013-03-12,IM,hawkeye901,INGRAM MICRO INC,https://valueinvestorsclub.com/idea/INGRAM_MICRO_INC/9419555179
2013-03-07,ARCP,gary9,AMERICAN RLTY CAP PPTY INC,https://valueinvestorsclub.com/idea/AMERICAN_RLTY_CAP_PPTY_INC/1196324181
2013-03-02,JRN,andreas947,JOURNAL COMMUNICATIONS INC,https://valueinvestorsclub.com/idea/JOURNAL_COMMUNICATIONS_INC/7136482745
2013-02-15,RUSHA/RUSHB,bowd57,Rush Enterprises,https://valueinvestorsclub.com/idea/Rush_Enterprises/9272521917
2013-02-07,AAPL,murman,APPLE INC,https://valueinvestorsclub.com/idea/APPLE_INC/0752368248
2013-02-02,DGICA,david101,DONEGAL GROUP INC,https://valueinvestorsclub.com/idea/DONEGAL_GROUP_INC/9120900671
2013-01-24,SDLJ,david101,Scottdate Bank& Trust,https://valueinvestorsclub.com/idea/Scottdate_Bankand_Trust/6702871437
2013-01-22,BZU-MIL,jim211,Buzzi Unicem,https://valueinvestorsclub.com/idea/Buzzi_Unicem/7244209381
2013-01-19,FTFS,david101,F&T Financial Services,https://valueinvestorsclub.com/idea/FandT_Financial_Services/8986384363
2013-01-17,UUU,bowd57,UNIVERSAL SECURITY INSTRUMNT,https://valueinvestorsclub.com/idea/UNIVERSAL_SECURITY_INSTRUMNT/6679108105
2012-12-18,CNSI,aviclara181,COMVERSE INC,https://valueinvestorsclub.com/idea/COMVERSE_INC/9423516560
2012-12-03,CODE,aviclara181,SPANSION INC,https://valueinvestorsclub.com/idea/SPANSION_INC/2497883423
2012-11-30,TSLA,hawkeye901,TESLA MOTORS INC,https://valueinvestorsclub.com/idea/TESLA_MOTORS_INC/2250509132
2012-11-21,PDI,gary9,PIMCO DYNAMIC INCOME FUND,https://valueinvestorsclub.com/idea/PIMCO_DYNAMIC_INCOME_FUND/8822392754
2012-11-16,TARO,miser861,TARO PHARMACEUTICL INDS LTD,https://valueinvestorsclub.com/idea/TARO_PHARMACEUTICL_INDS_LTD/9625098544
2012-11-15,MCGC,brook1001,MCG CAPITAL CORP,https://valueinvestorsclub.com/idea/MCG_CAPITAL_CORP/9786830431
2012-10-20,URI,bdad,UNITED RENTALS INC,https://valueinvestorsclub.com/idea/UNITED_RENTALS_INC/7346570902
2012-10-18,IPG,miser861,INTERPUBLIC GROUP OF COS,https://valueinvestorsclub.com/idea/INTERPUBLIC_GROUP_OF_COS/2225798395
2012-10-17,XOXO,andreas947,XO GROUP INC,https://valueinvestorsclub.com/idea/XO_GROUP_INC/5589732403
2012-10-02,AYR,hkup881,AIRCASTLE LTD,https://valueinvestorsclub.com/idea/AIRCASTLE_LTD/7722971660
2012-10-01,JDAS,brook1001,JDA SOFTWARE GROUP INC,https://valueinvestorsclub.com/idea/JDA_SOFTWARE_GROUP_INC/2011328348
2012-09-25,3MAMS,andreas947,MAM SOFTWARE GROUP INC,https://valueinvestorsclub.com/idea/MAM_SOFTWARE_GROUP_INC/4104306422
2012-09-14,WRLD,brook1001,WORLD ACCEPTANCE CORP/DE,https://valueinvestorsclub.com/idea/WORLD_ACCEPTANCE_CORPDE/4992615125
2012-09-11,BIG,murman,BIG LOTS INC,https://valueinvestorsclub.com/idea/BIG_LOTS_INC/6760176218
2012-09-07,TEL,lordbeaverbrook,TE CONNECTIVITY LTD,https://valueinvestorsclub.com/idea/TE_CONNECTIVITY_LTD/1924349914
2012-09-06,BLY,hkup881,Boart Longyear,https://valueinvestorsclub.com/idea/Boart_Longyear/4414593554
2012-08-14,IOC,hawkeye901,INTEROIL CORP,https://valueinvestorsclub.com/idea/INTEROIL_CORP/2526237303
2012-08-08,PEN,tomahawk990,Panoro Energy ASA,https://valueinvestorsclub.com/idea/Panoro_Energy_ASA/0506589263
2012-08-01,IRM,nha855,IRON MOUNTAIN INC,https://valueinvestorsclub.com/idea/IRON_MOUNTAIN_INC/3055451683
2012-07-12,ARCT,gary9,AMERICAN REALTY CAPITAL TRUST,https://valueinvestorsclub.com/idea/AMERICAN_REALTY_CAPITAL_TRUST/4546401727
2012-07-10,WDC,jim211,WESTERN DIGITAL CORP,https://valueinvestorsclub.com/idea/WESTERN_DIGITAL_CORP/2999487154
2012-07-06,ORI,david101,OLD REPUBLIC INTL CORP,https://valueinvestorsclub.com/idea/OLD_REPUBLIC_INTL_CORP/4516150340
2012-07-05,CN,tomahawk990,ABERDEEN INTERNATIONAL INC,https://valueinvestorsclub.com/idea/ABERDEEN_INTERNATIONAL_INC/8152793906
2012-06-18,GR0128010676,torico780,Hellenic Republic 2% of 2023 Series PSI,https://valueinvestorsclub.com/idea/Hellenic_Republic_2%25_of_2023_Series_PSI/9519107584
2012-05-27,HPOL,andreas947,HARRIS INTERACTIVE INC,https://valueinvestorsclub.com/idea/HARRIS_INTERACTIVE_INC/1141522092
2012-05-24,TFM,WinBrun,FRESH MARKET INC,https://valueinvestorsclub.com/idea/FRESH_MARKET_INC/5284719591
2012-04-30,WPRT,hawkeye901,WESTPORT INNOVATIONS INC,https://valueinvestorsclub.com/idea/WESTPORT_INNOVATIONS_INC/8529718927
2012-04-27,EA,murman,ELECTRONIC ARTS INC,https://valueinvestorsclub.com/idea/ELECTRONIC_ARTS_INC/6093027497
2012-04-05,DGI,bdad,DIGITALGLOBE INC,https://valueinvestorsclub.com/idea/DIGITALGLOBE_INC/1215936167
2012-04-03,ORCL,miser861,ORACLE CORP,https://valueinvestorsclub.com/idea/ORACLE_CORP/0213286901
2012-03-28,SWN,lordbeaverbrook,SOUTHWESTERN ENERGY CO,https://valueinvestorsclub.com/idea/SOUTHWESTERN_ENERGY_CO/5361090696
2012-03-21,NRGY,gary9,INERGY LP,https://valueinvestorsclub.com/idea/INERGY_LP/2315662225
2012-03-21,CLNE,nha855,CLEAN ENERGY FUELS CORP,https://valueinvestorsclub.com/idea/CLEAN_ENERGY_FUELS_CORP/9030377621
2012-03-01,AR4,nha855,Aurelius,https://valueinvestorsclub.com/idea/Aurelius/4754448104
2012-02-27,XRX,murman,XEROX CORP,https://valueinvestorsclub.com/idea/XEROX_CORP/9267018582
2012-02-16,OPK,hawkeye901,OPKO HEALTH INC,https://valueinvestorsclub.com/idea/OPKO_HEALTH_INC/6265885037
2012-01-31,HBI,jim211,HANESBRANDS INC,https://valueinvestorsclub.com/idea/HANESBRANDS_INC/6453602943
2012-01-29,PLOW,WinBrun,Douglas Dynamics,https://valueinvestorsclub.com/idea/Douglas_Dynamics/9648455570
2012-01-25,HDSN,bowd57,HUDSON TECHNOLOGIES INC,https://valueinvestorsclub.com/idea/HUDSON_TECHNOLOGIES_INC/1353420742
2012-01-03,EDGW,andreas947,EDGEWATER TECHNOLOGY INC,https://valueinvestorsclub.com/idea/EDGEWATER_TECHNOLOGY_INC/9876959012
2011-12-30,TEA,aviclara181,TEAVANA HOLDINGS INC,https://valueinvestorsclub.com/idea/TEAVANA_HOLDINGS_INC/2304412449
2011-12-20,FFCO,david101,FEDFIRST FINANCIAL CORP,https://valueinvestorsclub.com/idea/FEDFIRST_FINANCIAL_CORP/2381559839
2011-12-20,STND,david101,STANDARD FINANCIAL CORP,https://valueinvestorsclub.com/idea/STANDARD_FINANCIAL_CORP/0351544311
2011-12-19,PRI,hawkeye901,PRIMERICA INC,https://valueinvestorsclub.com/idea/PRIMERICA_INC/3295966429
2011-12-07,BEN,miser861,Bendigo & Adelaide Bank,https://valueinvestorsclub.com/idea/Bendigo_and_Adelaide_Bank/3968987089
2011-12-05,HDY,hawkeye901,HYPERDYNAMICS CORP,https://valueinvestorsclub.com/idea/HYPERDYNAMICS_CORP/5444154810
2011-11-30,JRN,bdad,JOURNAL COMMUNICATIONS INC,https://valueinvestorsclub.com/idea/JOURNAL_COMMUNICATIONS_INC/6585972939
2011-11-23,LYV,aviclara181,LIVE NATION ENTERTAINMENT,https://valueinvestorsclub.com/idea/LIVE_NATION_ENTERTAINMENT/1067700841
2011-10-17,MNT,hkup881,Mongolian Togrog,https://valueinvestorsclub.com/idea/Mongolian_Togrog/6372285222
2011-10-04,CIT,brook1001,CIT GROUP INC,https://valueinvestorsclub.com/idea/CIT_GROUP_INC/7050342670
2011-10-04,ETFC,brook1001,E TRADE FINANCIAL CORP,https://valueinvestorsclub.com/idea/E_TRADE_FINANCIAL_CORP/7748346513
2011-08-09,LINTA,gary9,LIBERTY MEDIA INTERACTIVE,https://valueinvestorsclub.com/idea/LIBERTY_MEDIA_INTERACTIVE/6594309554
2011-08-01,AMTG,tomahawk990,APOLLO RESIDENTIAL MTG INC,https://valueinvestorsclub.com/idea/APOLLO_RESIDENTIAL_MTG_INC/5250600140
2011-08-01,STEI,WinBrun,STEWART ENTERPRISES -CL A,https://valueinvestorsclub.com/idea/STEWART_ENTERPRISES__-CL_A/1409806665
2011-07-25,OCZ,hawkeye901,OCZ TECHNOLOGY GROUP INC,https://valueinvestorsclub.com/idea/OCZ_TECHNOLOGY_GROUP_INC/6751487061
2011-07-24,RUSHA/RUSHB,bowd57,Rush Enterprises,https://valueinvestorsclub.com/idea/Rush_Enterprises/0392347505
2011-07-18,OFI,bowd57,OVERHILL FARMS INC,https://valueinvestorsclub.com/idea/OVERHILL_FARMS_INC/9360464765
2011-07-07,GPS,jim211,GAP INC,https://valueinvestorsclub.com/idea/GAP_INC/8451197774
2011-06-13,BK,lordbeaverbrook,BANK OF NEW YORK MELLON CORP,https://valueinvestorsclub.com/idea/BANK_OF_NEW_YORK_MELLON_CORP/4855221799
2011-06-06,PDX,miser861,Pursuit Dynamics,https://valueinvestorsclub.com/idea/Pursuit_Dynamics/7921370413
2011-05-30,0,torico780,Anglo Irish Bank,https://valueinvestorsclub.com/idea/Anglo_Irish_Bank/0501393080
2011-04-20,CN,tomahawk990,Ithaca Energy,https://valueinvestorsclub.com/idea/Ithaca_Energy/5785809409
2011-04-15,SWSH,hawkeye901,SWISHER HYGIENE INC,https://valueinvestorsclub.com/idea/SWISHER_HYGIENE_INC/5052302067
2011-04-12,SPTN,andreas947,SPARTAN STORES INC,https://valueinvestorsclub.com/idea/SPARTAN_STORES_INC/7618047325
2011-04-05,MCGC,nha855,MCG CAPITAL CORP,https://valueinvestorsclub.com/idea/MCG_CAPITAL_CORP/3687106940
2011-03-30,249189CF(6),nha855,Denver Convention Center Hotel,https://valueinvestorsclub.com/idea/Denver_Convention_Center_Hotel/4348587983
2011-03-04,NO,gary9,Statoil Fuel & Retail,https://valueinvestorsclub.com/idea/Statoil_Fuel_and_Retail/6305771878
2011-01-11,COF.H,nha855,COVENTREE INC,https://valueinvestorsclub.com/idea/COVENTREE_INC/8015780489
2011-01-07,IP,jim211,INTL PAPER CO,https://valueinvestorsclub.com/idea/INTL_PAPER_CO/5772156399
2010-12-21,MTL.P,hawkeye901,MECHEL OAO,https://valueinvestorsclub.com/idea/MECHEL_OAO/9556461622
2010-12-20,SGA,andreas947,Saga CommunicationsSGA,https://valueinvestorsclub.com/idea/Saga_CommunicationsSGA/4972998580
2010-12-08,ASI,david101,AMERICAN SAFETY INS HLDG LTD,https://valueinvestorsclub.com/idea/AMERICAN_SAFETY_INS_HLDG_LTD/7714607409
2010-11-19,MO,hkup881,BDSec,https://valueinvestorsclub.com/idea/BDSec/8508664509
2010-11-16,TRE,nha855,TANZANIAN ROYALTY EXPLOR CP,https://valueinvestorsclub.com/idea/TANZANIAN_ROYALTY_EXPLOR_CP/5389201699
2010-11-03,PXP,aviclara181,PLAINS EXPLORATION & PROD CO,https://valueinvestorsclub.com/idea/PLAINS_EXPLORATION_and_PROD_CO/8697590550
2010-10-26,MOTR,hawkeye901,MOTRICITY INC,https://valueinvestorsclub.com/idea/MOTRICITY_INC/2206941132
2010-10-22,SBX,david101,SEABRIGHT HOLDINGS INC,https://valueinvestorsclub.com/idea/SEABRIGHT_HOLDINGS_INC/3063502194
2010-10-20,AON,miser861,AON CORP,https://valueinvestorsclub.com/idea/AON_CORP/3938957197
2010-10-06,6594,gary9,Nidec,https://valueinvestorsclub.com/idea/Nidec/6562580121
2010-09-21,GDOT,hawkeye901,GREEN DOT CORP,https://valueinvestorsclub.com/idea/GREEN_DOT_CORP/3223937963
2010-09-21,IGTE,hawkeye901,IGATE CORP,https://valueinvestorsclub.com/idea/IGATE_CORP/6666739514
2010-09-20,FCBN,david101,First Citizen Bancorp of South Carolina,https://valueinvestorsclub.com/idea/First_Citizen_Bancorp_of_South_Carolina/1756767949
2010-08-25,SIX,aviclara181,SIX FLAGS ENTERTAINMENT CORP,https://valueinvestorsclub.com/idea/SIX_FLAGS_ENTERTAINMENT_CORP/0362495552
2010-08-18,UNM,brook1001,UNUM GROUP,https://valueinvestorsclub.com/idea/UNUM_GROUP/4890343252
2010-08-05,APD,lordbeaverbrook,AIR PRODUCTS & CHEMICALS INC,https://valueinvestorsclub.com/idea/AIR_PRODUCTS_and_CHEMICALS_INC/0633519265
2010-07-16,JPM,brook1001,JPMORGAN CHASE & CO,https://valueinvestorsclub.com/idea/JPMORGAN_CHASE_and_CO/8829885895
2010-07-14,PWRD,tomahawk990,PERFECT WORLD CO LTD -ADR,https://valueinvestorsclub.com/idea/PERFECT_WORLD_CO_LTD_-ADR/6150930971
2010-07-08,WAG,jim211,Walgreen,https://valueinvestorsclub.com/idea/Walgreen/3933585811
2010-07-01,FDX,lordbeaverbrook,FEDEX CORP,https://valueinvestorsclub.com/idea/FEDEX_CORP/9247877800
2010-06-22,BBW,andreas947,BUILD-A-BEAR WORKSHOP INC,https://valueinvestorsclub.com/idea/BUILD-A-BEAR_WORKSHOP_INC/1372900570
2010-06-10,MOT,gary9,MOTOROLA INC,https://valueinvestorsclub.com/idea/MOTOROLA_INC/6194438481
2010-06-07,FMNPQ,nha855,FREMONT GENERAL FINANCING I,https://valueinvestorsclub.com/idea/FREMONT_GENERAL_FINANCING_I/6747604798
2010-06-07,DLAR,miser861,De La Rue,https://valueinvestorsclub.com/idea/De_La_Rue/6527305544
2010-05-28,PUTS,nha855,Ambac Jan 2011 $1 Puts,https://valueinvestorsclub.com/idea/Ambac_Jan_2011_1_Puts/2634623939
2010-05-17,WSTL,andreas947,WESTELL TECH INC -CL A,https://valueinvestorsclub.com/idea/WESTELL_TECH_INC__-CL_A/6947536214
2010-05-12,BTIM,hawkeye901,BIOTIME INC,https://valueinvestorsclub.com/idea/BIOTIME_INC/2957526809
2010-04-28,VXX,hkup881,IPATH S&P 500 VIX S-TERM ETN,https://valueinvestorsclub.com/idea/IPATH_SandP_500_VIX_S-TERM_ETN/6174341213
2010-04-23,IM,hawkeye901,INGRAM MICRO INC,https://valueinvestorsclub.com/idea/INGRAM_MICRO_INC/3956223463
2010-04-12,HSM,torico780,HELIOS STRATEGIC MTG INCM FD,https://valueinvestorsclub.com/idea/HELIOS_STRATEGIC_MTG_INCM_FD/6237125403
2010-03-29,OXBT,nha855,OXYGEN BIOTHERAPEUTICS INC,https://valueinvestorsclub.com/idea/OXYGEN_BIOTHERAPEUTICS_INC/3787916150
2010-03-19,BDX,lordbeaverbrook,BECTON DICKINSON & CO,https://valueinvestorsclub.com/idea/BECTON_DICKINSON_and_CO/7571170249
2010-03-15,GLD,hkup881,SPDR GOLD TRUST,https://valueinvestorsclub.com/idea/SPDR_GOLD_TRUST/7575389848
2010-02-23,SCI,andreas947,SERVICE CORP INTERNATIONAL,https://valueinvestorsclub.com/idea/SERVICE_CORP_INTERNATIONAL/8166910591
2010-02-10,PRZ,nha855,Freddie Mac,https://valueinvestorsclub.com/idea/Freddie_Mac/5350478847
2010-01-30,TEX,jim211,TEREX CORP,https://valueinvestorsclub.com/idea/TEREX_CORP/6542992211
2010-01-28,FISV,jim211,Fiserv,https://valueinvestorsclub.com/idea/Fiserv/4001479917
2010-01-28,NA,hawkeye901,Tetragon Financial Group,https://valueinvestorsclub.com/idea/Tetragon_Financial_Group/6630525213
2010-01-24,INDM,david101,UNITED AMERICA INDEMNITY LTD,https://valueinvestorsclub.com/idea/UNITED_AMERICA_INDEMNITY_LTD/4682605111
2009-12-30,PLCE,aviclara181,The Children's Place,https://valueinvestorsclub.com/idea/The_Childrens_Place/9348153275
2009-12-29,PMIC,david101,PENN MILLERS HOLDING CORP,https://valueinvestorsclub.com/idea/PENN_MILLERS_HOLDING_CORP/2578168518
2009-11-30,IMGG,hawkeye901,Imaging3,https://valueinvestorsclub.com/idea/Imaging3/7934729720
2009-11-25,RTK,nha855,RENTECH INC,https://valueinvestorsclub.com/idea/RENTECH_INC/5984390002
2009-11-04,CHRS,gary9,Charming Shoppes,https://valueinvestorsclub.com/idea/Charming_Shoppes/7985974551
2009-10-09,CGA,hkup881,CGA MINING LTD,https://valueinvestorsclub.com/idea/CGA_MINING_LTD/9013108866
2009-10-09,EGD,hkup881,ENERGOLD DRILLING CORP,https://valueinvestorsclub.com/idea/ENERGOLD_DRILLING_CORP/5509074538
2009-10-07,BCBP,david101,BCB BANCORP INC,https://valueinvestorsclub.com/idea/BCB_BANCORP_INC/5779457648
2009-10-06,CQB,aviclara181,CHIQUITA BRANDS INTL INC,https://valueinvestorsclub.com/idea/CHIQUITA_BRANDS_INTL_INC/8270870421
2009-10-02,AI,nha855,CIT $1 Jan 2011 Calls,https://valueinvestorsclub.com/idea/CIT_1_Jan_2011_Calls/8768481717
2009-10-01,WSH,brook1001,WILLIS GROUP HOLDINGS LTD,https://valueinvestorsclub.com/idea/WILLIS_GROUP_HOLDINGS_LTD/4089262616
2009-10-01,HOG,brook1001,HARLEY-DAVIDSON INC,https://valueinvestorsclub.com/idea/HARLEY-DAVIDSON_INC/7933769099
2009-09-20,PRLS,david101,PEERLESS SYSTEMS CORP,https://valueinvestorsclub.com/idea/PEERLESS_SYSTEMS_CORP/6173383342
2009-09-14,CN,hkup881,AEROQUEST INTL LTD,https://valueinvestorsclub.com/idea/AEROQUEST_INTL_LTD/6294030400
2009-08-31,MBTN.SW,miser861,Meyer Burger Technology AG,https://valueinvestorsclub.com/idea/Meyer_Burger_Technology_AG/5885380389
2009-08-21,TPOU,tomahawk990,Third Point Offshore,https://valueinvestorsclub.com/idea/Third_Point_Offshore/2142192835
2009-07-12,NAVR,andreas947,NAVARRE CORP,https://valueinvestorsclub.com/idea/NAVARRE_CORP/7262085699
2009-06-09,STEC,hawkeye901,STEC INC,https://valueinvestorsclub.com/idea/STEC_INC/2052193451
2009-06-09,MLNK,andreas947,MODUSLINK GLOBAL SOLUTIONS,https://valueinvestorsclub.com/idea/MODUSLINK_GLOBAL_SOLUTIONS/9363013588
2009-06-04,PFD,torico780,General Motors Acceptance Corporation,https://valueinvestorsclub.com/idea/General_Motors_Acceptance_Corporation/9478132328
2009-05-27,STP,miser861,SUNTECH POWER HOLDINGS -ADR,https://valueinvestorsclub.com/idea/SUNTECH_POWER_HOLDINGS__-ADR/6571700277
2009-05-19,FDX,gary9,FedEx,https://valueinvestorsclub.com/idea/FedEx/3757461218
2009-05-10,NICK,david101,NICHOLAS FINANCIAL INC,https://valueinvestorsclub.com/idea/NICHOLAS_FINANCIAL_INC/9011802531
2009-04-27,GM,nha855,GENERAL MOTORS CORP,https://valueinvestorsclub.com/idea/GENERAL_MOTORS_CORP/1289669980
2009-03-30,TNH,hawkeye901,Terra Nitrogen (Short) / Terra Industries (Long),https://valueinvestorsclub.com/idea/Terra_Nitrogen_Short__Terra_Industries_Long/3821285520
2009-03-26,ENH.PA,david101,ENDURANCE SPECIALTY HOLDINGS,https://valueinvestorsclub.com/idea/ENDURANCE_SPECIALTY_HOLDINGS/7065917767
2009-03-26,EVBEF,torico780,EVS Broadvast,https://valueinvestorsclub.com/idea/EVS_Broadvast/6545462291
2009-02-27,PREF,nha855,Citi AA Pref Stock,https://valueinvestorsclub.com/idea/Citi_AA_Pref_Stock/4323491155
2009-02-23,CN,tomahawk990,TANZANIAN ROYALTY EXPLOR CP,https://valueinvestorsclub.com/idea/TANZANIAN_ROYALTY_EXPLOR_CP/2739983667
2009-02-10,TMB,charlie479,TELEMIG CELULAR PARTICIPACOES,https://valueinvestorsclub.com/idea/TELEMIG_CELULAR_PARTICIPACOES/9773850117
2008-12-31,WB-Pref,brook1001,Wachovia/Wells Fargo,https://valueinvestorsclub.com/idea/WachoviaWells_Fargo/0524019331
2008-12-31,NORSB,bowd57,North State Communications,https://valueinvestorsclub.com/idea/North_State_Communications/3125563362
2008-12-29,MVSN,gary9,Macrovision 2.625% 8/15/11 Con,https://valueinvestorsclub.com/idea/Macrovision_2.625%25_81511_Con/6995709374
2008-11-24,HPQ,andreas947,Hewlett Packard,https://valueinvestorsclub.com/idea/Hewlett_Packard/0141959715
2008-11-18,MFW,nha855,M&F Worldwide,https://valueinvestorsclub.com/idea/MandF_Worldwide/9623639103
2008-11-14,5.5%,tomahawk990,Bristow (converts),https://valueinvestorsclub.com/idea/Bristow_converts/6066236875
2008-10-22,CCO,miser861,Clear Channel Outdoor,https://valueinvestorsclub.com/idea/Clear_Channel_Outdoor/6524776603
2008-10-15,QRCP,nha855,Quest Resources,https://valueinvestorsclub.com/idea/Quest_Resources/4492378069
2008-10-14,ANH-PB,david101,"Amworth Mortgage Preferred ""B""",https://valueinvestorsclub.com/idea/Amworth_Mortgage_Preferred_%26quot%3BB%26quot%3B/0148874769
2008-10-13,Pref,brook1001,Bank of America Preferred,https://valueinvestorsclub.com/idea/Bank_of_America_Preferred/5124599798
2008-10-09,TM,jim211,Toyota,https://valueinvestorsclub.com/idea/Toyota/3902385594
2008-10-03,UFPT,andreas947,UFP Technologies,https://valueinvestorsclub.com/idea/UFP_Technologies/4599307261
2008-09-29,AHRPRD,bowd57,Anthracite Capital,https://valueinvestorsclub.com/idea/Anthracite_Capital/3314818739
2008-09-19,XIDE,aviclara181,Exide Technologies,https://valueinvestorsclub.com/idea/Exide_Technologies/0756121381
2008-09-09,AAG.CN,hkup881,Andean American Mining,https://valueinvestorsclub.com/idea/Andean_American_Mining/2190500886
2008-09-09,WSTG,andreas947,Wayside Technology Group,https://valueinvestorsclub.com/idea/Wayside_Technology_Group/7723856888
2008-08-13,CN,tomahawk990,Endeavour Financial,https://valueinvestorsclub.com/idea/Endeavour_Financial/3757755482
2008-07-25,CN,hkup881,Aeroquest,https://valueinvestorsclub.com/idea/Aeroquest/6357924125
2008-06-19,BZP,hawkeye901,BPZ Resources (Short),https://valueinvestorsclub.com/idea/BPZ_Resources_Short/6666621113
2008-06-03,FED,gary9,FirstFed Financial Corp.,https://valueinvestorsclub.com/idea/FirstFed_Financial_Corp./1498700675
2008-05-29,RT,jim211,Ruby Tuesday,https://valueinvestorsclub.com/idea/Ruby_Tuesday/3878132850
2008-05-11,tlr,hkup881,Timberline,https://valueinvestorsclub.com/idea/Timberline/0983032171
2008-05-06,HNR,hawkeye901,Harvest Natural Resources,https://valueinvestorsclub.com/idea/Harvest_Natural_Resources/4499950518
2008-04-30,MIGP,david101,Mercer Insurance Group,https://valueinvestorsclub.com/idea/Mercer_Insurance_Group/9025215814
2008-03-20,AEPI,andreas947,AEP Industries,https://valueinvestorsclub.com/idea/AEP_Industries/3073291170
2008-02-26,KSW,andreas947,KSW Inc.,https://valueinvestorsclub.com/idea/KSW_Inc./2735787768
2008-02-20,WLP,miser861,WellPoint Inc.,https://valueinvestorsclub.com/idea/WellPoint_Inc./3967441724
2008-02-13,CN,hkup881,Hawthorne Gold Corp,https://valueinvestorsclub.com/idea/Hawthorne_Gold_Corp/4334375450
2008-01-18,AGO,aviclara181,Assured Guaranty Ltd,https://valueinvestorsclub.com/idea/Assured_Guaranty_Ltd/7060974311
2007-12-30,WBC,nha855,Wabco,https://valueinvestorsclub.com/idea/Wabco/9424875219
2007-11-21,VVTV,david101,ValueVision Media,https://valueinvestorsclub.com/idea/ValueVision_Media/9012743999
2007-11-16,KONA,jim211,Kona Grill,https://valueinvestorsclub.com/idea/Kona_Grill/0485344047
2007-11-05,LN,brook1001,International Personal Finance,https://valueinvestorsclub.com/idea/International_Personal_Finance/0008516331
2007-10-30,GR,nha855,Tognum,https://valueinvestorsclub.com/idea/Tognum/5135052623
2007-10-04,RCII,jim211,Rent-a-Center,https://valueinvestorsclub.com/idea/Rent-a-Center/0987052640
2007-09-25,SS,hawkeye901,Securitas Direct AB,https://valueinvestorsclub.com/idea/Securitas_Direct_AB/4594623837
2007-09-24,HK,tomahawk990,Chaoda Modern Agriculture,https://valueinvestorsclub.com/idea/Chaoda_Modern_Agriculture/9200688988
2007-08-14,CN,hkup881,Aeroquest International,https://valueinvestorsclub.com/idea/Aeroquest_International/6767756009
2007-08-06,AHRPRD,bowd57,Anthracite Capital,https://valueinvestorsclub.com/idea/Anthracite_Capital/8312606104
2007-08-06,ITWO,aviclara181,i2 Technologies,https://valueinvestorsclub.com/idea/i2_Technologies/6816440603
2007-07-19,TFSL,hawkeye901,TFS Financial,https://valueinvestorsclub.com/idea/TFS_Financial/7720426287
2007-06-07,FMD,miser861,First Marblehead,https://valueinvestorsclub.com/idea/First_Marblehead/0168697958
2007-05-25,FRH/WS,gary9,Freedom Acquisition Warrants,https://valueinvestorsclub.com/idea/Freedom_Acquisition_Warrants/7834532210
2007-05-15,296.HK,miser861,Emperor Entertainment Hotel,https://valueinvestorsclub.com/idea/Emperor_Entertainment_Hotel/5497219509
2007-05-03,CENX,jim211,Century Aluminum,https://valueinvestorsclub.com/idea/Century_Aluminum/9833651856
2007-03-16,RANGY,bowd57,Randgold & Exploration,https://valueinvestorsclub.com/idea/Randgold_and_Exploration/0912520976
2007-03-15,AHM,david101,American Home Mortgage,https://valueinvestorsclub.com/idea/American_Home_Mortgage/8474450415
2007-03-08,RIMM,hkup881,Research In Motion,https://valueinvestorsclub.com/idea/Research_In_Motion/4542030806
2007-03-07,WGII,andreas947,Washington Group International,https://valueinvestorsclub.com/idea/Washington_Group_International/7679859971
2007-02-05,BOFI,david101,"BofI Holding, Inc.",https://valueinvestorsclub.com/idea/BofI_Holding_Inc./6048841189
2007-01-31,SFN,aviclara181,Spherion,https://valueinvestorsclub.com/idea/Spherion/3697694281
2007-01-24,HW,miser861,Headwaters Inc.,https://valueinvestorsclub.com/idea/Headwaters_Inc./7312695936
2007-01-05,TACT,tomahawk990,Transact Technologies,https://valueinvestorsclub.com/idea/Transact_Technologies/6098132807
2006-12-19,Wavin.NA,nha855,Wavin,https://valueinvestorsclub.com/idea/Wavin/3822022991
2006-12-12,CRYP,nish697,Cryptologic,https://valueinvestorsclub.com/idea/Cryptologic/7081537629
2006-12-11,PLB,gary9,American Italian Pasta Company,https://valueinvestorsclub.com/idea/American_Italian_Pasta_Company/5566434306
2006-11-28,NEM.CN,miser861,Neo Material Technologies,https://valueinvestorsclub.com/idea/Neo_Material_Technologies/2589450793
2006-10-27,OERL.VX,nha855,Oerlikon,https://valueinvestorsclub.com/idea/Oerlikon/0308001456
2006-10-17,LE,nish697,Lear,https://valueinvestorsclub.com/idea/Lear/9000542907
2006-09-18,9505.JP,miser861,Hokuriku Electric Power,https://valueinvestorsclub.com/idea/Hokuriku_Electric_Power/7543907009
2006-08-23,CAV,jim211,Cavalier Homes,https://valueinvestorsclub.com/idea/Cavalier_Homes/1116316406
2006-08-23,MNSC,tomahawk990,MSC Software,https://valueinvestorsclub.com/idea/MSC_Software/0652679974
2006-08-21,MGN,hkup881,Mines Management,https://valueinvestorsclub.com/idea/Mines_Management/9981837090
2006-08-09,NAHC,david101,National Atlantic,https://valueinvestorsclub.com/idea/National_Atlantic/7689518334
2006-07-20,RUSHB,bowd57,Rush Enterprises,https://valueinvestorsclub.com/idea/Rush_Enterprises/4546044215
2006-07-20,UAUA,ahab931,United Airline,https://valueinvestorsclub.com/idea/United_Airline/7286357027
2006-07-03,wstl,jim211,Westell,https://valueinvestorsclub.com/idea/Westell/9633134912
2006-06-22,SIL,hkup881,Apex Silver Jan'08 15 calls,https://valueinvestorsclub.com/idea/Apex_Silver_Jan08_15_calls/5971463757
2006-06-22,WCH.GR,gary9,Wacher Chemie AG,https://valueinvestorsclub.com/idea/Wacher_Chemie_AG/4596398141
2006-06-01,ENH,david101,Endurance Sepcialty,https://valueinvestorsclub.com/idea/Endurance_Sepcialty/4384902875
2006-03-20,RANGY,bowd57,Randgold & Exploration,https://valueinvestorsclub.com/idea/Randgold_and_Exploration/8954825016
2006-02-21,XJT,jm671,ExpressJet Holdings,https://valueinvestorsclub.com/idea/ExpressJet_Holdings/0338870681
2006-02-21,NO,tomahawk990,Ocean Rig,https://valueinvestorsclub.com/idea/Ocean_Rig/4522212277
2006-02-11,PQE,jm671,ProQuest Company,https://valueinvestorsclub.com/idea/ProQuest_Company/4947171426
2006-01-31,AAWW.v,tomahawk990,Atlas Air,https://valueinvestorsclub.com/idea/Atlas_Air/7030894547
2006-01-11,BB,lordbeaverbrook,RHJ International,https://valueinvestorsclub.com/idea/RHJ_International/8445570537
2006-01-04,MOVI-(LONG),hkup881,Movie Gallery (Long),https://valueinvestorsclub.com/idea/Movie_Gallery_Long/7373879095
2005-12-20,MFW,nha855,M&F Worldwide,https://valueinvestorsclub.com/idea/MandF_Worldwide/3337435121
2005-12-16,INFT,jm671,Inforte,https://valueinvestorsclub.com/idea/Inforte/9593244592
2005-11-21,SGK,gary9,"Schawk, Inc.",https://valueinvestorsclub.com/idea/Schawk_Inc./2082585801
2005-11-09,CEC,andreas947,CEC Entertainment,https://valueinvestorsclub.com/idea/CEC_Entertainment/2154074625
2005-10-28,SRI,jim211,Stoneridge,https://valueinvestorsclub.com/idea/Stoneridge/0960580478
2005-10-21,LN,miser861,MICE Group,https://valueinvestorsclub.com/idea/MICE_Group/6781134402
2005-10-20,DAAT,hkup881,Dac Technologies,https://valueinvestorsclub.com/idea/Dac_Technologies/0301331642
2005-10-20,AAWW,tomahawk990,Atlas Air Worldwide,https://valueinvestorsclub.com/idea/Atlas_Air_Worldwide/7352021883
2005-09-29,RNHDA,bowd57,Reinhold Industries,https://valueinvestorsclub.com/idea/Reinhold_Industries/5817399405
2005-09-19,SRF.LN,gary9,SurfControl,https://valueinvestorsclub.com/idea/SurfControl/0617536310
2005-09-07,FFH,nish697,Fairfax Financial Holdings,https://valueinvestorsclub.com/idea/Fairfax_Financial_Holdings/1616522306
2005-08-29,NPDV,tomahawk990,National Patent Development,https://valueinvestorsclub.com/idea/National_Patent_Development/0856308631
2005-08-29,DNA,tomahawk990,Roche / Genentech Stub Trade,https://valueinvestorsclub.com/idea/Roche__Genentech_Stub_Trade/3173280076
2005-08-23,WHR,gary9,Whirlpool,https://valueinvestorsclub.com/idea/Whirlpool/5840863023
2005-08-09,CHAP,jm671,Chaparral Steel,https://valueinvestorsclub.com/idea/Chaparral_Steel/6010277959
2005-07-27,TM,jim211,Toyota Motor ADR,https://valueinvestorsclub.com/idea/Toyota_Motor_ADR/7666248794
2005-07-12,LQU,charlie479,"Quilmes Industrial (Quinsa), S",https://valueinvestorsclub.com/idea/Quilmes_Industrial_Quinsa_S/9716252703
2005-05-25,HYNI,gary9,"Haynes International, Inc.",https://valueinvestorsclub.com/idea/Haynes_International_Inc./9252520431
2005-04-22,AZO,roark304,Autozone,https://valueinvestorsclub.com/idea/Autozone/2678342707
2005-04-21,BRK.A,nish697,Berkshire Hathaway,https://valueinvestorsclub.com/idea/Berkshire_Hathaway/3779071369
2005-04-20,AGO,david101,Assured Guaranty,https://valueinvestorsclub.com/idea/Assured_Guaranty/9258069486
2005-04-15,DPH,torico780,Delphi Corporation,https://valueinvestorsclub.com/idea/Delphi_Corporation/6409093511
2005-03-21,TRZ/RV/A,miser861,Transat A.T.,https://valueinvestorsclub.com/idea/Transat_A.T./9668661190
2005-02-06,CVU,bowd57,CPI Aero,https://valueinvestorsclub.com/idea/CPI_Aero/4620508755
2005-01-24,SNFCA,david101,Security National,https://valueinvestorsclub.com/idea/Security_National/2256418586
2005-01-19,GA,nha855,Technical Olympic,https://valueinvestorsclub.com/idea/Technical_Olympic/9583714169
2005-01-03,BKS,andreas947,Barnes & Noble,https://valueinvestorsclub.com/idea/Barnes_and_Noble/3450469440
2005-01-02,CN,hkup881,Strathmore,https://valueinvestorsclub.com/idea/Strathmore/0161705520
2004-12-07,MNTG,jm671,MTR Gaming,https://valueinvestorsclub.com/idea/MTR_Gaming/8024383214
2004-11-18,,nha855,Sears,https://valueinvestorsclub.com/idea/Sears/1117651303
2004-10-28,PARL,miser861,"Parlux Fragrances, Inc.",https://valueinvestorsclub.com/idea/Parlux_Fragrances_Inc./5941433978
2004-10-22,RDY,nish697,Dr. Reddy's Laboratories,https://valueinvestorsclub.com/idea/Dr._Reddys_Laboratories/5574874056
2004-10-11,UHAL,bowd57,Amerco,https://valueinvestorsclub.com/idea/Amerco/5831985917
2004-09-24,GEG,jim211,Global Power Equipment,https://valueinvestorsclub.com/idea/Global_Power_Equipment/9266171055
2004-09-24,xson,torico780,Claxson Interactive Group,https://valueinvestorsclub.com/idea/Claxson_Interactive_Group/2921730751
2004-09-13,TCHC,david101,21st Century Holding Group,https://valueinvestorsclub.com/idea/21st_Century_Holding_Group/8682999707
2004-09-13,SGL.GR,gary9,SGL Carbon AG,https://valueinvestorsclub.com/idea/SGL_Carbon_AG/9776129137
2004-08-30,IGL,lordbeaverbrook,IMC Global,https://valueinvestorsclub.com/idea/IMC_Global/7390412461
2004-08-10,RNHDA,bowd57,Reinhold Industries,https://valueinvestorsclub.com/idea/Reinhold_Industries/5162653844
2004-07-29,BCC,nha855,Boise Cascade,https://valueinvestorsclub.com/idea/Boise_Cascade/6809811440
2004-07-26,FCCG,david101,Fog Cutter Capital Group,https://valueinvestorsclub.com/idea/Fog_Cutter_Capital_Group/6019964224
2004-07-23,BUL.FP,gary9,Groupe Bull,https://valueinvestorsclub.com/idea/Groupe_Bull/7004112946
2004-07-14,SFL,hkup881,Ship Finance International LTD,https://valueinvestorsclub.com/idea/Ship_Finance_International_LTD/7559595418
2004-06-15,ACGL,gary9,Arch Capital Group,https://valueinvestorsclub.com/idea/Arch_Capital_Group/4772837798
2004-05-09,XIDE,nish697,Exide Technologies,https://valueinvestorsclub.com/idea/Exide_Technologies/8518830149
2004-05-04,BEL,miser861,Bennett Environmental,https://valueinvestorsclub.com/idea/Bennett_Environmental/4371243993
2004-03-16,AIZ,jm671,"Assurant, Inc.",https://valueinvestorsclub.com/idea/Assurant_Inc./2268682823
2004-03-07,NPNB.IN,sunny329,Punjab National Bank,https://valueinvestorsclub.com/idea/Punjab_National_Bank/2010413637
2004-03-05,GY,nha855,Celanese,https://valueinvestorsclub.com/idea/Celanese/8511408062
2004-03-03,RRI,jim211,Reliant Resources,https://valueinvestorsclub.com/idea/Reliant_Resources/9246103329
2004-02-28,LN,sunny329,Kensington Mortgage,https://valueinvestorsclub.com/idea/Kensington_Mortgage/2087628345
2004-02-08,EXP/B,lordbeaverbrook,Eagle Materials,https://valueinvestorsclub.com/idea/Eagle_Materials/7547437103
2004-02-04,LPMA,gary9,Lipman Electronic Engineering,https://valueinvestorsclub.com/idea/Lipman_Electronic_Engineering/0523459116
2004-01-28,TEN,torico780,Tenneco Automotive,https://valueinvestorsclub.com/idea/Tenneco_Automotive/6681803982
2004-01-25,YOCM,hkup881,YOCREAM,https://valueinvestorsclub.com/idea/YOCREAM/5959609416
2004-01-17,MIGP,david101,Mercer Insurance Group,https://valueinvestorsclub.com/idea/Mercer_Insurance_Group/3633775472
2003-12-30,FP,nha855,Fimalac,https://valueinvestorsclub.com/idea/Fimalac/5669916743
2003-12-20,SW,jm671,Gurit Heberlein,https://valueinvestorsclub.com/idea/Gurit_Heberlein/0372653284
2003-12-16,xson,torico780,Claxson Interactive Group,https://valueinvestorsclub.com/idea/Claxson_Interactive_Group/5929522677
2003-11-18,SJR,nish697,Shaw Comminications,https://valueinvestorsclub.com/idea/Shaw_Comminications/1554309035
2003-11-18,OCX-CLS,gary9,Onex Stub,https://valueinvestorsclub.com/idea/Onex_Stub/2251571554
2003-11-14,CVCO,lordbeaverbrook,Cavco Industries,https://valueinvestorsclub.com/idea/Cavco_Industries/3892226969
2003-11-12,sym,jim211,Syms,https://valueinvestorsclub.com/idea/Syms/6881364779
2003-10-27,ODC,torico780,OilDry Corporation,https://valueinvestorsclub.com/idea/OilDry_Corporation/5902930371
2003-10-13,MDKI,hkup881,DCAI/MDKI STUB,https://valueinvestorsclub.com/idea/DCAIMDKI_STUB/0361595683
2003-10-06,IPA,miser861,"Interpharm Holdings, Inc.",https://valueinvestorsclub.com/idea/Interpharm_Holdings_Inc./4035085895
2003-08-22,TSRI,bowd57,TSR Inc.,https://valueinvestorsclub.com/idea/TSR_Inc./3053253353
2003-08-13,MDCA,gary9,MDC Corporation,https://valueinvestorsclub.com/idea/MDC_Corporation/3183761955
2003-08-03,BCC,nha855,Boise Cascade,https://valueinvestorsclub.com/idea/Boise_Cascade/5750582112
2003-08-02,BLL,jim211,Ball,https://valueinvestorsclub.com/idea/Ball/6924754877
2003-07-09,TSO,nish697,Tesoro Petroleum,https://valueinvestorsclub.com/idea/Tesoro_Petroleum/9803298240
2003-06-09,SGDE,charlie479,Sportsman's Guide,https://valueinvestorsclub.com/idea/Sportsmans_Guide/3232112679
2003-05-29,NICK,david101,Nicholas Financial,https://valueinvestorsclub.com/idea/Nicholas_Financial/7874301818
2003-05-27,PTSX,hkup881,Point.360,https://valueinvestorsclub.com/idea/Point.360/0413921797
2003-05-09,TSAI,torico780,Transaction Systems Architects,https://valueinvestorsclub.com/idea/Transaction_Systems_Architects/5121658449
2003-04-30,RUSHB,bowd57,Rush Enterprises,https://valueinvestorsclub.com/idea/Rush_Enterprises/2766310920
2003-04-22,AAPL,torico780,Apple Computer,https://valueinvestorsclub.com/idea/Apple_Computer/3176828218
2003-04-11,LPX,gary9,Louisiana Pacific,https://valueinvestorsclub.com/idea/Louisiana_Pacific/5786188685
2003-04-05,RTWI,david101,"RTW, Inc.",https://valueinvestorsclub.com/idea/RTW_Inc./5056555631
2003-03-12,HDL,gary9,Handleman Company,https://valueinvestorsclub.com/idea/Handleman_Company/8396689639
2003-03-10,TOL,lordbeaverbrook,Toll Brothers,https://valueinvestorsclub.com/idea/Toll_Brothers/6648206385
2003-03-10,CSV,david101,Carriage Services,https://valueinvestorsclub.com/idea/Carriage_Services/4148758057
2003-03-09,PDSG,david101,PDS Gaming,https://valueinvestorsclub.com/idea/PDS_Gaming/3554536138
2003-03-06,DDN,hkup881,Dynamex,https://valueinvestorsclub.com/idea/Dynamex/2471317841
2003-03-01,MCPEQ,charlie479,MCI,https://valueinvestorsclub.com/idea/MCI/5076642220
2003-02-13,EP,torico780,El Paso,https://valueinvestorsclub.com/idea/El_Paso/1523484321
2003-01-29,CDE,torico780,Coeur d'Alene Mines,https://valueinvestorsclub.com/idea/Coeur_dAlene_Mines/2016974646
2003-01-26,RBOW,roark304,Rainbow Rentals,https://valueinvestorsclub.com/idea/Rainbow_Rentals/1675758044
2003-01-10,PQE,jm671,ProQuest Company,https://valueinvestorsclub.com/idea/ProQuest_Company/6776441045
2002-12-20,PMC,david101,PMC Capital,https://valueinvestorsclub.com/idea/PMC_Capital/0366156012
2002-12-14,AZR,jim211,Aztar,https://valueinvestorsclub.com/idea/Aztar/4507460335
2002-11-27,NIHD,charlie479,NII Holdings,https://valueinvestorsclub.com/idea/NII_Holdings/0861464549
2002-11-05,GGAEC,torico780,Grupo Financiero Galicia,https://valueinvestorsclub.com/idea/Grupo_Financiero_Galicia/2085360707
2002-10-27,IBA,Michael99,Industrias Bachoco,https://valueinvestorsclub.com/idea/Industrias_Bachoco/7064788926
2002-10-24,SRZ,nish697,Sunrise Assisted Living,https://valueinvestorsclub.com/idea/Sunrise_Assisted_Living/1671006724
2002-09-20,PWTX,Michael99,Pillowtex,https://valueinvestorsclub.com/idea/Pillowtex/7763608470
2002-08-19,PKS-B,bowd57,Six Flags preferred,https://valueinvestorsclub.com/idea/Six_Flags_preferred/2502687201
2002-08-16,ARKR,roark304,Ark Restaurants,https://valueinvestorsclub.com/idea/Ark_Restaurants/3915736679
2002-08-13,AOC,david101,Aon,https://valueinvestorsclub.com/idea/Aon/0755999432
2002-08-09,AMSWA,jm671,"American Software, Inc.",https://valueinvestorsclub.com/idea/American_Software_Inc./8608821361
2002-08-01,BID,torico780,Sotheby's Holding's Inc,https://valueinvestorsclub.com/idea/Sothebys_Holdings_Inc/3855206336
2002-07-11,R,lordbeaverbrook,Ryder Systems,https://valueinvestorsclub.com/idea/Ryder_Systems/9269005918
2002-07-09,UNTD,jim211,United Online,https://valueinvestorsclub.com/idea/United_Online/4452065181
2002-06-30,SOSA,lordbeaverbrook,Stolt Offshore Ltd.,https://valueinvestorsclub.com/idea/Stolt_Offshore_Ltd./4845008686
2002-06-24,OCA,sunny329,Orthodontic Centers of America,https://valueinvestorsclub.com/idea/Orthodontic_Centers_of_America/9725429057
2002-06-07,MPH,jm671,Championship Auto Racing Teams,https://valueinvestorsclub.com/idea/Championship_Auto_Racing_Teams/6803155766
2002-05-28,COBR,gary9,Cobra Electronics,https://valueinvestorsclub.com/idea/Cobra_Electronics/7636168023
2002-05-28,PIC,sunny329,Piccadilly Cafeterias,https://valueinvestorsclub.com/idea/Piccadilly_Cafeterias/2147925415
2002-04-19,LVLT,nish697,Level 3 Comunication,https://valueinvestorsclub.com/idea/Level_3_Comunication/1896320561
2002-04-10,RUSHB,bowd57,Rush Enterprises,https://valueinvestorsclub.com/idea/Rush_Enterprises/6521816499
2002-04-08,HDL,gary9,Handleman Company,https://valueinvestorsclub.com/idea/Handleman_Company/1538491458
2002-03-15,GTIV,jm671,Gentiva Health Services,https://valueinvestorsclub.com/idea/Gentiva_Health_Services/2012757553
2002-03-05,ASV,roark304,Ag Services of America,https://valueinvestorsclub.com/idea/Ag_Services_of_America/4198345131
2002-02-20,GAN,bowd57,"Garan, Inc",https://valueinvestorsclub.com/idea/Garan_Inc/6481547495
2002-02-19,LHMS,sunny329,Loehmann's,https://valueinvestorsclub.com/idea/Loehmanns/4741216222
2002-01-29,MHR.TO,sunny329,McGraw-Hill Ryerson,https://valueinvestorsclub.com/idea/McGraw-Hill_Ryerson/7488871004
2001-12-28,SZ,roark304,Worldwide Restaurant Concepts,https://valueinvestorsclub.com/idea/Worldwide_Restaurant_Concepts/8643456348
2001-12-18,SNH,gary9,Senior Housing Properties,https://valueinvestorsclub.com/idea/Senior_Housing_Properties/3749876484
2001-12-10,SEIEQ,nish697,Seitel,https://valueinvestorsclub.com/idea/Seitel/7870140915
2001-11-15,FH,lordbeaverbrook,Silja Oyj Abp,https://valueinvestorsclub.com/idea/Silja_Oyj_Abp/2610205012
2001-10-29,PFG,david101,Principal Financial Group,https://valueinvestorsclub.com/idea/Principal_Financial_Group/5186898830
2001-10-11,FNLY,lordbeaverbrook,Finlay Enterprises,https://valueinvestorsclub.com/idea/Finlay_Enterprises/0503661668
2001-08-23,CTX,lordbeaverbrook,Centex Corp.,https://valueinvestorsclub.com/idea/Centex_Corp./8640869052
2001-07-13,WNMLA,charlie479,Winmill & Company,https://valueinvestorsclub.com/idea/Winmill_and_Company/3412541526
2001-07-05,MCIT,gary9,MCI Tracking Stock,https://valueinvestorsclub.com/idea/MCI_Tracking_Stock/1843357245
2001-06-20,NVR,charlie479,"NVR, Inc.",https://valueinvestorsclub.com/idea/NVR_Inc./1871818862
2001-06-19,2*IWO,gary9,I-Shares Pair Trade - Value ov,https://valueinvestorsclub.com/idea/I-Shares_Pair_Trade_-_Value_ov/5425484262
2001-06-08,HAMP,roark304,Hampshire Group,https://valueinvestorsclub.com/idea/Hampshire_Group/8177106265
2001-06-01,WRP,Michael99,Wellsford Real Properties,https://valueinvestorsclub.com/idea/Wellsford_Real_Properties/6103501894
2001-05-06,TRY,jim211,Triarc Companies,https://valueinvestorsclub.com/idea/Triarc_Companies/3249947856
2001-05-03,CFSB,david101,Citizens First Financial Corp,https://valueinvestorsclub.com/idea/Citizens_First_Financial_Corp/1549760241
2001-04-20,QUIP,Michael99,"Quipp, Inc",https://valueinvestorsclub.com/idea/Quipp_Inc/2928743303
2001-04-11,R,lordbeaverbrook,Ryder Systems,https://valueinvestorsclub.com/idea/Ryder_Systems/2249063635
2001-03-28,GTSI,Michael99,GTSI Corp,https://valueinvestorsclub.com/idea/GTSI_Corp/1975048529
2001-03-14,PCCC,david101,PC Connection,https://valueinvestorsclub.com/idea/PC_Connection/5064851744
2001-01-30,NC,jim211,NACCO,https://valueinvestorsclub.com/idea/NACCO/0812707596
2000-12-15,ACAP,david101,American Physician Capital,https://valueinvestorsclub.com/idea/American_Physician_Capital/4968138039
2000-11-06,VCLK,Michael99,"ValueClick, Inc.",https://valueinvestorsclub.com/idea/ValueClick_Inc./0592110273
2000-09-24,DSWL,bowd57,Deswell Industries,https://valueinvestorsclub.com/idea/Deswell_Industries/5555003952
2000-09-21,AGX,gary9,Agribrands,https://valueinvestorsclub.com/idea/Agribrands/5650586949
2000-09-21,CI,david101,CIGNA Corporation,https://valueinvestorsclub.com/idea/CIGNA_Corporation/1617026210
2000-08-27,HBP,Michael99,Huttig Building Products,https://valueinvestorsclub.com/idea/Huttig_Building_Products/9643123144
2000-08-18,STCIA,gary9,Salient 3 Communications,https://valueinvestorsclub.com/idea/Salient_3_Communications/4132794030
